IDDIST,DEPARTAMENTO,PROVINCIA,DISTRITO,tmin_promedio_total
100902,HUANUCO,PUERTO INCA,CODO DEL POZUZO,18.76
100904,HUANUCO,PUERTO INCA,TOURNAVISTA,22.05
250305,UCAYALI,PADRE ABAD,ALEXANDER VON HUMBOLDT,21.86
250302,UCAYALI,PADRE ABAD,IRAZOLA,22.1
250304,UCAYALI,PADRE ABAD,NESHUYA,21.94
250301,UCAYALI,PADRE ABAD,PADRE ABAD,20.08
250303,UCAYALI,PADRE ABAD,CURIMANA,22.03
100901,HUANUCO,PUERTO INCA,PUERTO INCA,21.59
250106,UCAYALI,CORONEL PORTILLO,NUEVA REQUENA,22.05
250102,UCAYALI,CORONEL PORTILLO,CAMPOVERDE,21.91
160601,LORETO,UCAYALI,CONTAMANA,21.2
130104,LA LIBERTAD,TRUJILLO,HUANCHACO,17.63
130207,LA LIBERTAD,ASCOPE,SANTIAGO DE CAO,18.34
130110,LA LIBERTAD,TRUJILLO,SIMBAL,16.17
130204,LA LIBERTAD,ASCOPE,MAGDALENA DE CAO,18.07
130203,LA LIBERTAD,ASCOPE,CHOCOPE,18.01
130205,LA LIBERTAD,ASCOPE,PAIJAN,18.02
130613,LA LIBERTAD,OTUZCO,SINSICAP,13.19
130202,LA LIBERTAD,ASCOPE,CHICAMA,17.9
130206,LA LIBERTAD,ASCOPE,RAZURI,17.8
131103,LA LIBERTAD,GRAN CHIMU,MARMOT,14.43
130201,LA LIBERTAD,ASCOPE,ASCOPE,17.86
131101,LA LIBERTAD,GRAN CHIMU,CASCAS,14.2
130208,LA LIBERTAD,ASCOPE,CASA GRANDE,17.67
060505,CAJAMARCA,CONTUMAZA,SAN BENITO,15.87
130701,LA LIBERTAD,PACASMAYO,SAN PEDRO DE LLOC,17.88
060503,CAJAMARCA,CONTUMAZA,CUPISNIQUE,14.99
230110,TACNA,TACNA,CORONEL GREGORIO ALBARRACIN LANCHIPA,14.8
230108,TACNA,TACNA,POCOLLAY,12.3
230103,TACNA,TACNA,CALANA,11.86
230101,TACNA,TACNA,TACNA,12.45
230109,TACNA,TACNA,SAMA,15.04
230104,TACNA,TACNA,CIUDAD NUEVA,11.82
230303,TACNA,JORGE BASADRE,ITE,15.36
180301,MOQUEGUA,ILO,ILO,15.84
230102,TACNA,TACNA,ALTO DE LA ALIANZA,11.76
230106,TACNA,TACNA,PACHIA,8.71
230404,TACNA,TARATA,ESTIQUE-PAMPA,5.75
230403,TACNA,TARATA,ESTIQUE,4.41
230407,TACNA,TARATA,TARUCACHI,0.73
230105,TACNA,TACNA,INCLAN,12.52
230301,TACNA,JORGE BASADRE,LOCUMBA,13.2
180302,MOQUEGUA,ILO,EL ALGARROBAL,14.18
230107,TACNA,TACNA,PALCA,-2.3
230402,TACNA,TARATA,HEROES ALBARRACIN,8.73
230204,TACNA,CANDARAVE,CURIBAYA,8.14
230405,TACNA,TARATA,SITAJARA,5.64
230206,TACNA,CANDARAVE,QUILAHUANI,4.74
180303,MOQUEGUA,ILO,PACOCHA,15.8
230401,TACNA,TARATA,TARATA,-5.0
230205,TACNA,CANDARAVE,HUANUARA,4.0
230408,TACNA,TARATA,TICACO,-4.42
230302,TACNA,JORGE BASADRE,ILABAYA,10.19
180104,MOQUEGUA,MARISCAL NIETO,SAMEGUA,12.44
040706,AREQUIPA,ISLAY,PUNTA DE BOMBON,14.85
230202,TACNA,CANDARAVE,CAIRANI,-0.25
230406,TACNA,TARATA,SUSAPAYA,-5.16
040703,AREQUIPA,ISLAY,DEAN VALDIVIA,16.02
230203,TACNA,CANDARAVE,CAMILACA,-2.24
040705,AREQUIPA,ISLAY,MEJIA,14.9
210502,PUNO,EL COLLAO,CAPAZO,-5.19
230201,TACNA,CANDARAVE,CANDARAVE,-4.36
040704,AREQUIPA,ISLAY,ISLAY,14.47
180106,MOQUEGUA,MARISCAL NIETO,TORATA,3.43
180101,MOQUEGUA,MARISCAL NIETO,MOQUEGUA,12.24
180103,MOQUEGUA,MARISCAL NIETO,CUCHUMBAYA,3.23
210405,PUNO,CHUCUITO,PISACOMA,-3.25
040702,AREQUIPA,ISLAY,COCACHACRA,13.62
040701,AREQUIPA,ISLAY,MOLLENDO,12.88
180205,MOQUEGUA,GENERAL SANCHEZ CERRO,LA CAPILLA,10.65
040201,AREQUIPA,CAMANA,CAMANA,17.38
180209,MOQUEGUA,GENERAL SANCHEZ CERRO,QUINISTAQUILLAS,4.66
040202,AREQUIPA,CAMANA,JOSE MARIA QUIMPER,
210404,PUNO,CHUCUITO,KELLUYO,-1.34
180105,MOQUEGUA,MARISCAL NIETO,SAN CRISTOBAL,0.41
210402,PUNO,CHUCUITO,DESAGUADERO,-0.21
040208,AREQUIPA,CAMANA,SAMUEL PASTOR,16.32
040115,AREQUIPA,AREQUIPA,QUEQUEÑA,8.3
180201,MOQUEGUA,GENERAL SANCHEZ CERRO,OMATE,4.02
210504,PUNO,EL COLLAO,SANTA ROSA,-4.86
040127,AREQUIPA,AREQUIPA,YARABAMBA,8.87
040114,AREQUIPA,AREQUIPA,POLOBAYA,6.5
040111,AREQUIPA,AREQUIPA,MOLLEBAYA,
180102,MOQUEGUA,MARISCAL NIETO,CARUMAS,-3.41
180208,MOQUEGUA,GENERAL SANCHEZ CERRO,PUQUINA,3.9
040207,AREQUIPA,CAMANA,QUILCA,14.33
180203,MOQUEGUA,GENERAL SANCHEZ CERRO,COALAQUE,0.33
210403,PUNO,CHUCUITO,HUACULLANI,-1.92
040122,AREQUIPA,AREQUIPA,SOCABAYA,
040113,AREQUIPA,AREQUIPA,POCSI,3.86
040107,AREQUIPA,AREQUIPA,JACOBO HUNTER,9.24
040116,AREQUIPA,AREQUIPA,SABANDIA,
210505,PUNO,EL COLLAO,CONDURIRI,-2.45
040129,AREQUIPA,AREQUIPA,JOSE LUIS BUSTAMANTE Y RIVERO,
040123,AREQUIPA,AREQUIPA,TIABAYA,9.04
040117,AREQUIPA,AREQUIPA,SACHACA,
040105,AREQUIPA,AREQUIPA,CHARACATO,5.19
040108,AREQUIPA,AREQUIPA,LA JOYA,11.77
040112,AREQUIPA,AREQUIPA,PAUCARPATA,9.35
040121,AREQUIPA,AREQUIPA,SANTA RITA DE SIGUAS,12.11
040101,AREQUIPA,AREQUIPA,AREQUIPA,7.99
180207,MOQUEGUA,GENERAL SANCHEZ CERRO,MATALAQUE,1.75
040126,AREQUIPA,AREQUIPA,YANAHUARA,
040124,AREQUIPA,AREQUIPA,UCHUMAYO,11.3
040205,AREQUIPA,CAMANA,NICOLAS DE PIEROLA,14.02
210407,PUNO,CHUCUITO,ZEPITA,-0.35
040118,AREQUIPA,AREQUIPA,SAN JUAN DE SIGUAS,11.92
211303,PUNO,YUNGUYO,COPANI,1.15
040109,AREQUIPA,AREQUIPA,MARIANO MELGAR,6.7
180202,MOQUEGUA,GENERAL SANCHEZ CERRO,CHOJATA,-2.08
040204,AREQUIPA,CAMANA,MARISCAL CACERES,14.16
040110,AREQUIPA,AREQUIPA,MIRAFLORES,9.06
040106,AREQUIPA,AREQUIPA,CHIGUATA,3.13
040102,AREQUIPA,AREQUIPA,ALTO SELVA ALEGRE,6.6
211304,PUNO,YUNGUYO,CUTURAPI,
210406,PUNO,CHUCUITO,POMATA,0.21
211302,PUNO,YUNGUYO,ANAPIA,5.34
180206,MOQUEGUA,GENERAL SANCHEZ CERRO,LLOQUE,-1.36
211307,PUNO,YUNGUYO,UNICACHI,
211301,PUNO,YUNGUYO,YUNGUYO,2.34
211305,PUNO,YUNGUYO,OLLARAYA,1.05
040104,AREQUIPA,AREQUIPA,CERRO COLORADO,6.04
211306,PUNO,YUNGUYO,TINICACHI,
210401,PUNO,CHUCUITO,JULI,-0.34
040103,AREQUIPA,AREQUIPA,CAYMA,-0.07
180211,MOQUEGUA,GENERAL SANCHEZ CERRO,YUNGA,1.66
040125,AREQUIPA,AREQUIPA,VITOR,11.85
040120,AREQUIPA,AREQUIPA,SANTA ISABEL DE SIGUAS,12.3
040413,AREQUIPA,CASTILLA,URACA,13.2
040520,AREQUIPA,CAYLLOMA,MAJES,12.52
040206,AREQUIPA,CAMANA,OCOÑA,12.77
210503,PUNO,EL COLLAO,PILCUYO,1.33
180204,MOQUEGUA,GENERAL SANCHEZ CERRO,ICHUÑA,-0.79
210113,PUNO,PUNO,SAN ANTONIO,-2.54
180210,MOQUEGUA,GENERAL SANCHEZ CERRO,UBINAS,-1.43
210111,PUNO,PUNO,PICHACANI,-2.57
040128,AREQUIPA,AREQUIPA,YURA,3.51
040119,AREQUIPA,AREQUIPA,SAN JUAN DE TARUCANI,-3.34
040508,AREQUIPA,CAYLLOMA,HUANCA,3.64
210106,PUNO,PUNO,CHUCUITO,2.23
040203,AREQUIPA,CAMANA,MARIANO NICOLAS VALCARCEL,12.65
040407,AREQUIPA,CASTILLA,HUANCARQUI,12.27
040605,AREQUIPA,CONDESUYOS,IRAY,8.54
040401,AREQUIPA,CASTILLA,APLAO,12.27
210101,PUNO,PUNO,PUNO,1.09
210114,PUNO,PUNO,TIQUILLACA,-0.53
040303,AREQUIPA,CARAVELI,ATICO,12.92
040511,AREQUIPA,CAYLLOMA,LLUTA,3.92
040411,AREQUIPA,CASTILLA,TIPAN,8.21
040301,AREQUIPA,CARAVELI,CARAVELI,10.4
040606,AREQUIPA,CONDESUYOS,RIO GRANDE,13.32
040307,AREQUIPA,CARAVELI,CHALA,14.88
040502,AREQUIPA,CAYLLOMA,ACHOMA,-0.93
210110,PUNO,PUNO,PAUCARCOLLA,1.32
040412,AREQUIPA,CASTILLA,UÑON,7.88
040512,AREQUIPA,CAYLLOMA,MACA,-1.24
211103,PUNO,SAN ROMAN,CABANILLAS,-1.51
210104,PUNO,PUNO,ATUNCOLLA,1.15
040519,AREQUIPA,CAYLLOMA,YANQUE,-2.55
040601,AREQUIPA,CONDESUYOS,CHUQUIBAMBA,9.15
210107,PUNO,PUNO,COATA,0.53
040507,AREQUIPA,CAYLLOMA,HUAMBO,7.83
040503,AREQUIPA,CAYLLOMA,CABANACONDE,3.04
040514,AREQUIPA,CAYLLOMA,SAN ANTONIO DE CHUCA,-4.39
210108,PUNO,PUNO,HUATA,0.0
040308,AREQUIPA,CARAVELI,CHAPARRA,12.55
211102,PUNO,SAN ROMAN,CABANA,1.5
040410,AREQUIPA,CASTILLA,PAMPACOLCA,1.41
040414,AREQUIPA,CASTILLA,VIRACO,-0.39
040602,AREQUIPA,CONDESUYOS,ANDARAY,9.42
040403,AREQUIPA,CASTILLA,AYO,6.4
040501,AREQUIPA,CAYLLOMA,CHIVAY,0.99
040506,AREQUIPA,CAYLLOMA,COPORAQUE,-0.63
040608,AREQUIPA,CONDESUYOS,YANAQUIHUA,11.05
040509,AREQUIPA,CAYLLOMA,ICHUPAMPA,-1.09
040313,AREQUIPA,CARAVELI,YAUCA,14.3
040408,AREQUIPA,CASTILLA,MACHAGUAY,1.64
040304,AREQUIPA,CARAVELI,ATIQUIPA,13.67
210105,PUNO,PUNO,CAPACHICA,2.05
210702,PUNO,LAMPA,CABANILLA,-0.29
040513,AREQUIPA,CAYLLOMA,MADRIGAL,-0.58
210904,PUNO,MOHO,TILALI,2.98
211104,PUNO,SAN ROMAN,CARACOTO,0.62
210902,PUNO,MOHO,CONIMA,0.76
040604,AREQUIPA,CONDESUYOS,CHICHAS,8.31
040309,AREQUIPA,CARAVELI,HUANUHUANU,10.55
040518,AREQUIPA,CAYLLOMA,TUTI,-3.26
210605,PUNO,HUANCANE,PUSI,0.62
040402,AREQUIPA,CASTILLA,ANDAGUA,1.93
040306,AREQUIPA,CARAVELI,CAHUACHO,6.69
040510,AREQUIPA,CAYLLOMA,LARI,-1.96
040312,AREQUIPA,CARAVELI,QUICACHA,7.68
210709,PUNO,LAMPA,SANTA LUCIA,-3.06
211101,PUNO,SAN ROMAN,JULIACA,0.73
030607,APURIMAC,CHINCHEROS,URANMARCA,7.6
100502,HUANUCO,HUAMALIES,ARANCAY,8.8
021805,ANCASH,SANTA,MORO,16.21
020305,ANCASH,ANTONIO RAYMONDI,MIRGAS,5.57
021803,ANCASH,SANTA,COISHCO,17.69
020301,ANCASH,ANTONIO RAYMONDI,LLAMELLIN,8.7
021809,ANCASH,SANTA,NUEVO CHIMBOTE,17.4
022001,ANCASH,YUNGAY,YUNGAY,5.18
100403,HUANUCO,HUACAYBAMBA,COCHABAMBA,10.29
021203,ANCASH,HUAYLAS,HUATA,5.2
021806,ANCASH,SANTA,NEPEÑA,17.09
021206,ANCASH,HUAYLAS,PAMPAROMAS,7.69
020701,ANCASH,CARLOS FERMIN FITZCARRALD,SAN LUIS,7.49
020303,ANCASH,ANTONIO RAYMONDI,CHACCHO,10.53
021808,ANCASH,SANTA,SANTA,17.7
021201,ANCASH,HUAYLAS,CARAZ,6.74
020903,ANCASH,CORONGO,BAMBAS,9.91
021603,ANCASH,POMABAMBA,PAROBAMBA,9.63
210809,PUNO,MELGAR,UMACHIRI,-1.24
080805,CUSCO,ESPINAR,PALLPATA,-1.37
210201,PUNO,AZANGARO,AZANGARO,0.95
080801,CUSCO,ESPINAR,ESPINAR,-0.58
110301,ICA,NASCA,NASCA,14.81
211004,PUNO,SAN ANTONIO DE PUTINA,QUILCAPUNCU,-0.92
210801,PUNO,MELGAR,AYAVIRI,-0.93
040806,AREQUIPA,LA UNION,PUYCA,-0.91
040804,AREQUIPA,LA UNION,HUAYNACOTAS,-0.54
080808,CUSCO,ESPINAR,ALTO PICHIGUA,-1.15
040603,AREQUIPA,CONDESUYOS,CAYARANI,-1.12
080806,CUSCO,ESPINAR,PICHIGUA,-0.01
101104,HUANUCO,YAROWILCA,APARICIO POMARES,5.27
020104,ANCASH,HUARAZ,HUANCHAY,6.96
021701,ANCASH,RECUAY,RECUAY,3.86
100323,HUANUCO,DOS DE MAYO,YANAS,5.78
021710,ANCASH,RECUAY,TICAPAMPA,2.55
101004,HUANUCO,LAURICOCHA,QUEROPALCA,2.47
020501,ANCASH,BOLOGNESI,CHIQUIAN,4.61
100201,HUANUCO,AMBO,AMBO,9.55
060103,CAJAMARCA,CAJAMARCA,CHETILLA,8.57
130301,LA LIBERTAD,BOLIVAR,BOLIVAR,11.16
130403,LA LIBERTAD,CHEPEN,PUEBLO NUEVO,17.92
220601,SAN MARTIN,MARISCAL CACERES,JUANJUI,20.83
061007,CAJAMARCA,SAN MARCOS,JOSE SABOGAL,10.86
220405,SAN MARTIN,HUALLAGA,SACANCHE,21.01
140104,LAMBAYEQUE,CHICLAYO,ETEN PUERTO,18.29
220403,SAN MARTIN,HUALLAGA,EL ESLABON,21.34
060305,CAJAMARCA,CELENDIN,JORGE CHAVEZ,11.13
020503,ANCASH,BOLOGNESI,ANTONIO RAYMONDI,12.74
020505,ANCASH,BOLOGNESI,CAJACAY,4.69
020107,ANCASH,HUARAZ,LA LIBERTAD,4.61
100316,HUANUCO,DOS DE MAYO,QUIVILLA,7.26
020103,ANCASH,HUARAZ,COLCABAMBA,11.32
020108,ANCASH,HUARAZ,OLLEROS,3.13
020109,ANCASH,HUARAZ,PAMPAS GRANDE,12.87
021404,ANCASH,OCROS,CARHUAPAMPA,8.42
021010,ANCASH,HUARI,PAUCAS,8.33
021510,ANCASH,PALLASCA,SANTA ROSA,13.89
020901,ANCASH,CORONGO,CORONGO,6.73
100701,HUANUCO,MARAÑON,HUACRACHUCO,8.89
020902,ANCASH,CORONGO,ACO,5.64
090613,HUANCAVELICA,HUAYTARA,SANTIAGO DE CHOCORVOS,6.7
210308,PUNO,CARABAYA,OLLACHEA,2.29
081202,CUSCO,QUISPICANCHI,ANDAHUAYLILLAS,6.21
110507,ICA,PISCO,SAN CLEMENTE,16.5
030204,APURIMAC,ANDAHUAYLAS,HUANCARAMA,7.29
110504,ICA,PISCO,INDEPENDENCIA,15.65
210102,PUNO,PUNO,ACORA,-1.0
210109,PUNO,PUNO,MAÑAZO,-0.52
210115,PUNO,PUNO,VILQUE,0.99
040405,AREQUIPA,CASTILLA,CHILCAYMARCA,1.37
040504,AREQUIPA,CAYLLOMA,CALLALLI,-3.0
040516,AREQUIPA,CAYLLOMA,TAPAY,-1.42
210607,PUNO,HUANCANE,TARACO,0.92
020402,ANCASH,ASUNCION,ACOCHACA,4.69
021901,ANCASH,SIHUAS,SIHUAS,7.54
021507,ANCASH,PALLASCA,LLAPO,9.91
021104,ANCASH,HUARMEY,HUAYAN,10.71
101102,HUANUCO,YAROWILCA,CAHUAC,
020504,ANCASH,BOLOGNESI,AQUIA,2.42
100301,HUANUCO,DOS DE MAYO,LA UNION,5.2
020205,ANCASH,AIJA,SUCCHA,6.85
101106,HUANUCO,YAROWILCA,OBAS,5.34
020203,ANCASH,AIJA,HUACLLAN,4.11
020204,ANCASH,AIJA,LA MERCED,3.17
100307,HUANUCO,DOS DE MAYO,CHUQUIS,5.56
100313,HUANUCO,DOS DE MAYO,PACHAS,4.61
020111,ANCASH,HUARAZ,PIRA,4.98
100508,HUANUCO,HUAMALIES,PUNCHAO,4.42
021015,ANCASH,HUARI,SAN PEDRO DE CHANA,5.71
020110,ANCASH,HUARAZ,PARIACOTO,8.26
020105,ANCASH,HUARAZ,INDEPENDENCIA,3.96
100506,HUANUCO,HUAMALIES,MIRAFLORES,5.01
040409,AREQUIPA,CASTILLA,ORCOPAMPA,-1.01
080807,CUSCO,ESPINAR,SUYCKUTAMBO,-0.78
040404,AREQUIPA,CASTILLA,CHACHAS,-1.41
110305,ICA,NASCA,VISTA ALEGRE,14.02
210215,PUNO,AZANGARO,TIRAPATA,0.2
210803,PUNO,MELGAR,CUPI,-0.64
040505,AREQUIPA,CAYLLOMA,CAYLLOMA,-2.66
210602,PUNO,HUANCANE,COJATA,-2.57
040805,AREQUIPA,LA UNION,PAMPAMARCA,0.35
110302,ICA,NASCA,CHANGUILLO,14.77
210807,PUNO,MELGAR,ORURILLO,0.77
210805,PUNO,MELGAR,MACARI,-0.94
210204,PUNO,AZANGARO,ASILLO,1.27
100103,HUANUCO,HUANUCO,CHINCHAO,11.56
100802,HUANUCO,PACHITEA,CHAGLLA,12.87
250103,UCAYALI,CORONEL PORTILLO,IPARIA,21.69
190308,PASCO,OXAPAMPA,CONSTITUCION,20.41
100905,HUANUCO,PUERTO INCA,YUYAPICHIS,21.82
210501,PUNO,EL COLLAO,ILAVE,-0.22
220704,SAN MARTIN,PICOTA,PILLUANA,21.44
010103,AMAZONAS,CHACHAPOYAS,BALSAS,14.49
220710,SAN MARTIN,PICOTA,TRES UNIDOS,19.61
140111,LAMBAYEQUE,CHICLAYO,PICSI,18.4
140120,LAMBAYEQUE,CHICLAYO,TUMAN,18.22
220702,SAN MARTIN,PICOTA,BUENOS AIRES,20.62
060304,CAJAMARCA,CELENDIN,HUASMIN,7.17
140110,LAMBAYEQUE,CHICLAYO,OYOTUN,17.92
060415,CAJAMARCA,CHOTA,QUEROCOTO,9.49
060601,CAJAMARCA,CUTERVO,CUTERVO,11.72
220303,SAN MARTIN,EL DORADO,SAN MARTIN,17.34
010515,AMAZONAS,LUYA,PROVIDENCIA,16.35
010504,AMAZONAS,LUYA,COLCAMAR,9.98
010603,AMAZONAS,RODRIGUEZ DE MENDOZA,COCHAMAL,11.12
021016,ANCASH,HUARI,UCO,9.66
100505,HUANUCO,HUAMALIES,JIRCAN,9.34
022003,ANCASH,YUNGAY,MANCOS,4.38
022006,ANCASH,YUNGAY,RANRAHIRCA,9.76
021006,ANCASH,HUARI,HUACCHIS,7.13
020304,ANCASH,ANTONIO RAYMONDI,CHINGAS,8.58
190113,PASCO,PASCO,YANACANCHA,3.39
190208,PASCO,DANIEL ALCIDES CARRION,VILCABAMBA,4.31
150304,LIMA,CAJATAMBO,HUANCAPON,11.08
190203,PASCO,DANIEL ALCIDES CARRION,GOYLLARISQUIZGA,5.79
060812,CAJAMARCA,JAEN,SANTA ROSA,18.94
010514,AMAZONAS,LUYA,PISUQUIA,13.04
220509,SAN MARTIN,LAMAS,SHANAO,
140306,LAMBAYEQUE,LAMBAYEQUE,MORROPE,18.52
140205,LAMBAYEQUE,FERREÑAFE,PITIPO,18.37
060418,CAJAMARCA,CHOTA,TOCMOCHE,16.35
220909,SAN MARTIN,SAN MARTIN,LA BANDA DE SHILCAYO,20.49
060416,CAJAMARCA,CHOTA,SAN JUAN DE LICUPIS,13.28
090507,HUANCAVELICA,CHURCAMPA,PAUCARBAMBA,4.09
090503,HUANCAVELICA,CHURCAMPA,CHINCHIHUASI,7.95
090705,HUANCAVELICA,TAYACAJA,COLCABAMBA,9.13
021008,ANCASH,HUARI,HUANTAR,3.66
250204,UCAYALI,ATALAYA,YURUA,22.07
020102,ANCASH,HUARAZ,COCHABAMBA,7.77
020804,ANCASH,CASMA,YAUTAN,15.36
020106,ANCASH,HUARAZ,JANGAS,5.4
060201,CAJAMARCA,CAJABAMBA,CAJABAMBA,10.95
160603,LORETO,UCAYALI,PADRE MARQUEZ,22.09
151011,LIMA,YAUYOS,COLONIA,3.96
090103,HUANCAVELICA,HUANCAVELICA,ACORIA,4.38
090510,HUANCAVELICA,CHURCAMPA,PACHAMARCA,7.77
151027,LIMA,YAUYOS,SAN PEDRO DE PILAS,6.98
090106,HUANCAVELICA,HUANCAVELICA,HUACHOCOLPA,-0.05
080404,CUSCO,CALCA,LARES,3.03
090411,HUANCAVELICA,CASTROVIRREYNA,SANTA ANA,-0.97
150705,LIMA,HUAROCHIRI,CHICLA,0.39
080706,CUSCO,CHUMBIVILCAS,LLUSCO,1.43
210213,PUNO,AZANGARO,SAN JUAN DE SALINAS,1.42
211003,PUNO,SAN ANTONIO DE PUTINA,PEDRO VILCA APAZA,-0.72
080804,CUSCO,ESPINAR,OCORURO,-1.53
210604,PUNO,HUANCANE,INCHUPALLA,-0.01
210708,PUNO,LAMPA,PUCARA,-0.55
080704,CUSCO,CHUMBIVILCAS,COLQUEMARCA,3.94
030710,APURIMAC,GRAU,SANTA ROSA,5.88
080508,CUSCO,CANAS,TUPAC AMARU,2.65
210806,PUNO,MELGAR,NUÑOA,-2.15
030402,APURIMAC,AYMARAES,CAPAYA,3.62
030712,APURIMAC,GRAU,VILCABAMBA,
030706,APURIMAC,GRAU,MICAELA BASTIDAS,4.37
210302,PUNO,CARABAYA,AJOYANI,-3.14
080606,CUSCO,CANCHIS,SAN PABLO,-1.13
030506,APURIMAC,COTABAMBAS,CHALLHUAHUACHO,1.89
080204,CUSCO,ACOMAYO,MOSOC LLACTA,4.24
030211,APURIMAC,ANDAHUAYLAS,POMACOCHA,4.63
090207,HUANCAVELICA,ACOBAMBA,POMACOCHA,6.53
150510,LIMA,CAÑETE,NUEVO IMPERIAL,15.82
150511,LIMA,CAÑETE,PACARAN,13.35
090204,HUANCAVELICA,ACOBAMBA,CAJA,6.66
090405,HUANCAVELICA,CASTROVIRREYNA,CHUPAMARCA,-0.2
150119,LIMA,LIMA,LURIN,16.66
090711,HUANCAVELICA,TAYACAJA,PAZOS,1.46
120116,JUNIN,HUANCAYO,HUACRAPUQUIO,5.73
110204,ICA,CHINCHA,CHINCHA BAJA,17.22
090404,HUANCAVELICA,CASTROVIRREYNA,CAPILLAS,9.09
110201,ICA,CHINCHA,CHINCHA ALTA,15.67
210304,PUNO,CARABAYA,COASA,14.45
090406,HUANCAVELICA,CASTROVIRREYNA,COCAS,3.49
081301,CUSCO,URUBAMBA,URUBAMBA,3.51
080401,CUSCO,CALCA,CALCA,1.93
110206,ICA,CHINCHA,GROCIO PRADO,15.88
090410,HUANCAVELICA,CASTROVIRREYNA,SAN JUAN,7.54
090409,HUANCAVELICA,CASTROVIRREYNA,MOLLEPAMPA,2.39
010501,AMAZONAS,LUYA,LAMUD,10.85
060607,CAJAMARCA,CUTERVO,QUEROCOTILLO,12.02
060411,CAJAMARCA,CHOTA,LLAMA,14.68
220507,SAN MARTIN,LAMAS,RUMISAPA,19.99
060303,CAJAMARCA,CELENDIN,CORTEGANA,12.67
060403,CAJAMARCA,CHOTA,CHADIN,12.15
060404,CAJAMARCA,CHOTA,CHIGUIRIP,10.19
220603,SAN MARTIN,MARISCAL CACERES,HUICUNGO,12.28
220304,SAN MARTIN,EL DORADO,SANTA ROSA,20.6
140301,LAMBAYEQUE,LAMBAYEQUE,LAMBAYEQUE,18.42
220914,SAN MARTIN,SAN MARTIN,SHAPAJA,20.86
020611,ANCASH,CARHUAZ,YUNGAR,4.4
100110,HUANUCO,HUANUCO,YARUMAYO,5.91
100102,HUANUCO,HUANUCO,AMARILIS,13.44
190304,PASCO,OXAPAMPA,PALCAZU,19.03
101108,HUANUCO,YAROWILCA,CHORAS,5.98
101105,HUANUCO,YAROWILCA,JACAS CHICO,5.36
100101,HUANUCO,HUANUCO,HUANUCO,12.95
150727,LIMA,HUAROCHIRI,SANTA CRUZ DE COCACHACRA,13.94
120130,JUNIN,HUANCAYO,SAN JERONIMO DE TUNAN,
090306,HUANCAVELICA,ANGARAES,CONGALLA,5.18
090307,HUANCAVELICA,ANGARAES,HUANCA-HUANCA,3.39
150508,LIMA,CAÑETE,LUNAHUANA,14.79
090308,HUANCAVELICA,ANGARAES,HUAYLLAY GRANDE,5.02
151015,LIMA,YAUYOS,HUANGASCAR,7.07
090401,HUANCAVELICA,CASTROVIRREYNA,CASTROVIRREYNA,0.51
150504,LIMA,CAÑETE,CERRO AZUL,16.71
150516,LIMA,CAÑETE,ZUÑIGA,12.73
090203,HUANCAVELICA,ACOBAMBA,ANTA,4.13
090201,HUANCAVELICA,ACOBAMBA,ACOBAMBA,6.32
080901,CUSCO,LA CONVENCION,SANTA ANA,11.14
150512,LIMA,CAÑETE,QUILMANA,15.77
151019,LIMA,YAUYOS,LINCHA,1.95
090118,HUANCAVELICA,HUANCAVELICA,ASCENSION,-0.71
120402,JUNIN,JAUJA,ACOLLA,3.29
150102,LIMA,LIMA,ANCON,16.45
210703,PUNO,LAMPA,CALAPUJA,0.92
081001,CUSCO,PARURO,PARURO,2.83
090602,HUANCAVELICA,HUAYTARA,AYAVI,7.78
210307,PUNO,CARABAYA,ITUATA,4.85
110503,ICA,PISCO,HUMAY,14.57
081005,CUSCO,PARURO,HUANOQUITE,5.04
030201,APURIMAC,ANDAHUAYLAS,ANDAHUAYLAS,4.85
030213,APURIMAC,ANDAHUAYLAS,SAN JERONIMO,4.43
081201,CUSCO,QUISPICANCHI,URCOS,4.34
030215,APURIMAC,ANDAHUAYLAS,SANTA MARIA DE CHICMO,4.47
081009,CUSCO,PARURO,YAURISQUE,3.5
150729,LIMA,HUAROCHIRI,SANTIAGO DE ANCHUCAYA,0.44
120208,JUNIN,CONCEPCION,MANZANARES,3.81
150702,LIMA,HUAROCHIRI,ANTIOQUIA,13.74
120129,JUNIN,HUANCAYO,SAN AGUSTIN,
120117,JUNIN,HUANCAYO,HUALHUAS,4.83
120213,JUNIN,CONCEPCION,ORCOTUNA,4.29
120212,JUNIN,CONCEPCION,NUEVE DE JULIO,
211204,PUNO,SANDIA,PATAMBUCO,1.16
030707,APURIMAC,GRAU,PATAYPAMPA,2.36
030410,APURIMAC,AYMARAES,POCOHUANCA,8.59
211201,PUNO,SANDIA,SANDIA,6.61
030417,APURIMAC,AYMARAES,YANACA,5.62
211207,PUNO,SANDIA,SAN JUAN DEL ORO,14.88
110113,ICA,ICA,TATE,
110111,ICA,ICA,SANTIAGO,14.08
030412,APURIMAC,AYMARAES,SAÑAYCA,3.1
030306,APURIMAC,ANTABAMBA,PACHACONAS,4.08
030413,APURIMAC,AYMARAES,SORAYA,7.09
110105,ICA,ICA,PACHACUTEC,14.1
080607,CUSCO,CANCHIS,SAN PEDRO,4.23
080705,CUSCO,CHUMBIVILCAS,LIVITACA,1.83
030504,APURIMAC,COTABAMBAS,HAQUIRA,2.09
030210,APURIMAC,ANDAHUAYLAS,PAMPACHIRI,3.85
030302,APURIMAC,ANTABAMBA,EL ORO,2.89
080608,CUSCO,CANCHIS,TINTA,3.79
110107,ICA,ICA,PUEBLO NUEVO,14.33
120706,JUNIN,TARMA,PALCA,6.01
150602,LIMA,HUARAL,ATAVILLOS ALTO,3.55
170302,MADRE DE DIOS,TAHUAMANU,IBERIA,21.69
080914,CUSCO,LA CONVENCION,MEGANTONI,21.19
120707,JUNIN,TARMA,PALCAMAYO,3.16
120306,JUNIN,CHANCHAMAYO,VITOC,10.16
120699,JUNIN,SATIPO,MAZAMARI - PANGOA,16.04
150607,LIMA,HUARAL,LAMPIAN,9.53
150801,LIMA,HUAURA,HUACHO,16.79
150606,LIMA,HUARAL,IHUARI,10.62
150803,LIMA,HUAURA,CALETA DE CARQUIN,
150805,LIMA,HUAURA,HUALMAY,
120807,JUNIN,YAULI,SANTA BARBARA DE CARHUACAYAN,0.5
150810,LIMA,HUAURA,SANTA MARIA,16.77
150610,LIMA,HUARAL,SANTA CRUZ DE ANDAMARCA,1.85
120305,JUNIN,CHANCHAMAYO,SAN RAMON,12.25
150612,LIMA,HUARAL,VEINTISIETE DE NOVIEMBRE,3.82
170101,MADRE DE DIOS,TAMBOPATA,TAMBOPATA,22.04
050404,AYACUCHO,HUANTA,IGUAIN,9.5
050403,AYACUCHO,HUANTA,HUAMANGUILLA,5.75
050508,AYACUCHO,LA MAR,TAMBO,3.55
080907,CUSCO,LA CONVENCION,KIMBIRI,14.01
080910,CUSCO,LA CONVENCION,PICHARI,15.07
030604,APURIMAC,CHINCHEROS,HUACCANA,11.73
050511,AYACUCHO,LA MAR,ORONCCOY,9.17
050407,AYACUCHO,HUANTA,SIVIA,9.49
050406,AYACUCHO,HUANTA,SANTILLANA,6.53
050408,AYACUCHO,HUANTA,LLOCHEGUA,13.39
050502,AYACUCHO,LA MAR,ANCO,8.89
050509,AYACUCHO,LA MAR,SAMUGARI,9.76
050504,AYACUCHO,LA MAR,CHILCAS,8.16
050501,AYACUCHO,LA MAR,SAN MIGUEL,5.86
050510,AYACUCHO,LA MAR,ANCHIHUAY,8.87
050409,AYACUCHO,HUANTA,CANAYRE,17.38
100106,HUANUCO,HUANUCO,QUISQUI (KICHKI),6.36
190303,PASCO,OXAPAMPA,HUANCABAMBA,9.57
190305,PASCO,OXAPAMPA,POZUZO,13.88
190306,PASCO,OXAPAMPA,PUERTO BERMUDEZ,19.06
100801,HUANUCO,PACHITEA,PANAO,7.32
100804,HUANUCO,PACHITEA,UMARI,11.6
061311,CAJAMARCA,SANTA CRUZ,YAUYUCAN,10.75
061302,CAJAMARCA,SANTA CRUZ,ANDABAMBA,10.21
220913,SAN MARTIN,SAN MARTIN,SAUCE,19.6
061306,CAJAMARCA,SANTA CRUZ,NINABAMBA,9.33
220902,SAN MARTIN,SAN MARTIN,ALBERTO LEVEAU,21.19
010110,AMAZONAS,CHACHAPOYAS,LEIMEBAMBA,7.72
061307,CAJAMARCA,SANTA CRUZ,PULAN,9.55
061308,CAJAMARCA,SANTA CRUZ,SAUCEPAMPA,11.22
060703,CAJAMARCA,HUALGAYOC,HUALGAYOC,6.56
131102,LA LIBERTAD,GRAN CHIMU,LUCMA,15.43
131104,LA LIBERTAD,GRAN CHIMU,SAYAPULLO,12.39
130908,LA LIBERTAD,SANCHEZ CARRION,SARTIMBAMBA,12.96
060203,CAJAMARCA,CAJABAMBA,CONDEBAMBA,13.3
130303,LA LIBERTAD,BOLIVAR,CONDORMARCA,10.23
220602,SAN MARTIN,MARISCAL CACERES,CAMPANILLA,18.52
010520,AMAZONAS,LUYA,SANTA CATALINA,13.83
010518,AMAZONAS,LUYA,SAN JERONIMO,14.27
010705,AMAZONAS,UTCUBAMBA,JAMALCA,14.89
060802,CAJAMARCA,JAEN,BELLAVISTA,19.91
060811,CAJAMARCA,JAEN,SAN JOSE DEL ALTO,14.58
060904,CAJAMARCA,SAN IGNACIO,LA COIPA,15.92
210707,PUNO,LAMPA,PARATIA,-4.09
150720,LIMA,HUAROCHIRI,SAN JUAN DE TANTARANCHE,0.34
120201,JUNIN,CONCEPCION,CONCEPCION,5.09
150709,LIMA,HUAROCHIRI,HUAROCHIRI,1.42
090511,HUANCAVELICA,CHURCAMPA,COSME,6.31
090104,HUANCAVELICA,HUANCAVELICA,CONAYCA,2.26
150515,LIMA,CAÑETE,SANTA CRUZ DE FLORES,16.49
090108,HUANCAVELICA,HUANCAVELICA,IZCUCHACA,
090113,HUANCAVELICA,HUANCAVELICA,NUEVO OCCORO,0.16
090604,HUANCAVELICA,HUAYTARA,HUAYACUNDO ARMA,4.5
080106,CUSCO,CUSCO,SANTIAGO,2.74
030207,APURIMAC,ANDAHUAYLAS,KISHUARA,6.01
090615,HUANCAVELICA,HUAYTARA,SANTO DOMINGO DE CAPILLAS,3.8
080108,CUSCO,CUSCO,WANCHAQ,4.67
090601,HUANCAVELICA,HUAYTARA,HUAYTARA,7.19
081210,CUSCO,QUISPICANCHI,OCONGATE,-0.46
120909,JUNIN,CHUPACA,YANACANCHA,-0.23
120908,JUNIN,CHUPACA,TRES DE DICIEMBRE,4.76
120119,JUNIN,HUANCAYO,HUANCAN,
150131,LIMA,LIMA,SAN ISIDRO,
150120,LIMA,LIMA,MAGDALENA DEL MAR,
120906,JUNIN,CHUPACA,SAN JUAN DE ISCOS,2.74
150130,LIMA,LIMA,SAN BORJA,
150116,LIMA,LIMA,LINCE,
150140,LIMA,LIMA,SANTIAGO DE SURCO,
090714,HUANCAVELICA,TAYACAJA,SALCABAMBA,8.56
151033,LIMA,YAUYOS,VITIS,0.01
150121,LIMA,LIMA,PUEBLO LIBRE,17.89
070105,CALLAO,CALLAO,LA PUNTA,
220104,SAN MARTIN,MOYOBAMBA,JEPELACIO,17.32
010604,AMAZONAS,RODRIGUEZ DE MENDOZA,HUAMBO,14.61
140309,LAMBAYEQUE,LAMBAYEQUE,PACORA,18.39
010109,AMAZONAS,CHACHAPOYAS,LA JALCA,9.95
010605,AMAZONAS,RODRIGUEZ DE MENDOZA,LIMABAMBA,12.21
160113,LORETO,MAYNAS,SAN JUAN BAUTISTA,22.66
160101,LORETO,MAYNAS,IQUITOS,22.78
240104,TUMBES,TUMBES,PAMPAS DE HOSPITAL,20.73
240201,TUMBES,CONTRALMIRANTE VILLAR,ZORRITOS,21.83
240105,TUMBES,TUMBES,SAN JACINTO,20.9
010206,AMAZONAS,BAGUA,LA PECA,18.81
240303,TUMBES,ZARUMILLA,MATAPALO,20.75
240103,TUMBES,TUMBES,LA CRUZ,22.19
010118,AMAZONAS,CHACHAPOYAS,SAN FRANCISCO DE DAGUAS,12.27
060612,CAJAMARCA,CUTERVO,SANTO DOMINGO DE LA CAPILLA,12.69
010607,AMAZONAS,RODRIGUEZ DE MENDOZA,MARISCAL BENAVIDES,11.72
010101,AMAZONAS,CHACHAPOYAS,CHACHAPOYAS,12.4
060605,CAJAMARCA,CUTERVO,LA RAMADA,12.94
010508,AMAZONAS,LUYA,LONYA CHICO,11.32
220510,SAN MARTIN,LAMAS,TABALOSOS,18.84
120215,JUNIN,CONCEPCION,SANTA ROSA DE OCOPA,4.73
150139,LIMA,LIMA,SANTA ROSA,
120404,JUNIN,JAUJA,ATAURA,
150703,LIMA,HUAROCHIRI,CALLAHUANCA,9.56
120434,JUNIN,JAUJA,YAUYOS,4.66
120414,JUNIN,JAUJA,LLOCLLAPAMPA,2.45
020306,ANCASH,ANTONIO RAYMONDI,SAN JUAN DE RONTOY,5.48
021003,ANCASH,HUARI,CAJAY,5.38
020302,ANCASH,ANTONIO RAYMONDI,ACZO,6.45
100507,HUANUCO,HUAMALIES,MONZON,12.61
010112,AMAZONAS,CHACHAPOYAS,MAGDALENA,10.56
010507,AMAZONAS,LUYA,LONGUITA,7.94
220912,SAN MARTIN,SAN MARTIN,SAN ANTONIO,20.12
060405,CAJAMARCA,CHOTA,CHIMBAN,15.7
060412,CAJAMARCA,CHOTA,MIRACOSTA,12.16
060610,CAJAMARCA,CUTERVO,SAN LUIS DE LUCMA,11.66
060614,CAJAMARCA,CUTERVO,SOCOTA,10.57
010506,AMAZONAS,LUYA,INGUILPATA,10.05
010108,AMAZONAS,CHACHAPOYAS,HUANCAS,13.07
220911,SAN MARTIN,SAN MARTIN,PAPAPLAYA,22.15
010612,AMAZONAS,RODRIGUEZ DE MENDOZA,VISTA ALEGRE,12.25
220506,SAN MARTIN,LAMAS,PINTO RECODO,18.31
140307,LAMBAYEQUE,LAMBAYEQUE,MOTUPE,18.54
060613,CAJAMARCA,CUTERVO,SANTO TOMAS,14.08
010105,AMAZONAS,CHACHAPOYAS,CHILIQUIN,11.07
010303,AMAZONAS,BONGARA,CHURUJA,13.23
220801,SAN MARTIN,RIOJA,RIOJA,18.32
140202,LAMBAYEQUE,FERREÑAFE,CAÑARIS,9.95
060606,CAJAMARCA,CUTERVO,PIMPINGOS,15.26
220102,SAN MARTIN,MOYOBAMBA,CALZADA,19.06
220803,SAN MARTIN,RIOJA,ELIAS SOPLIN VARGAS,15.83
220504,SAN MARTIN,LAMAS,CAYNARACHI,21.62
010706,AMAZONAS,UTCUBAMBA,LONYA GRANDE,15.76
010309,AMAZONAS,BONGARA,SAN CARLOS,13.47
160502,LORETO,REQUENA,ALTO TAPICHE,22.02
010102,AMAZONAS,CHACHAPOYAS,ASUNCION,10.23
010116,AMAZONAS,CHACHAPOYAS,OLLEROS,9.14
220806,SAN MARTIN,RIOJA,POSIC,19.09
010707,AMAZONAS,UTCUBAMBA,YAMON,16.31
010401,AMAZONAS,CONDORCANQUI,NIEVA,21.39
160703,LORETO,DATEM DEL MARAÑON,MANSERICHE,21.83
160403,LORETO,MARISCAL RAMON CASTILLA,YAVARI,22.75
160302,LORETO,LORETO,PARINARI,22.65
010517,AMAZONAS,LUYA,SAN FRANCISCO DEL YESO,8.93
220101,SAN MARTIN,MOYOBAMBA,MOYOBAMBA,18.18
160701,LORETO,DATEM DEL MARAÑON,BARRANCA,21.27
010703,AMAZONAS,UTCUBAMBA,CUMBA,17.49
200804,PIURA,SECHURA,CRISTO NOS VALGA,19.69
200806,PIURA,SECHURA,RINCONADA LLICUAR,
200304,PIURA,HUANCABAMBA,HUARMACA,15.13
200803,PIURA,SECHURA,BERNAL,19.92
200802,PIURA,SECHURA,BELLAVISTA DE LA UNION,20.04
200108,PIURA,PIURA,EL TALLAN,19.79
200805,PIURA,SECHURA,VICE,19.65
200306,PIURA,HUANCABAMBA,SAN MIGUEL DE EL FAIQUE,16.46
200107,PIURA,PIURA,CURA MORI,19.74
200308,PIURA,HUANCABAMBA,SONDORILLO,10.95
200406,PIURA,MORROPON,SALITRAL,18.99
200307,PIURA,HUANCABAMBA,SONDOR,12.97
200110,PIURA,PIURA,LA UNION,19.61
200109,PIURA,PIURA,LA ARENA,19.81
020112,ANCASH,HUARAZ,TARICA,4.04
140112,LAMBAYEQUE,CHICLAYO,PIMENTEL,18.47
220205,SAN MARTIN,BELLAVISTA,SAN PABLO,21.1
160606,LORETO,UCAYALI,VARGAS GUERRA,21.91
140105,LAMBAYEQUE,CHICLAYO,JOSE LEONARDO ORTIZ,18.55
020803,ANCASH,CASMA,COMANDANTE NOEL,17.39
020607,ANCASH,CARHUAZ,PARIAHUANCA,
021007,ANCASH,HUARI,HUACHIS,7.39
021012,ANCASH,HUARI,RAHUAPAMPA,
020604,ANCASH,CARHUAZ,ANTA,3.8
020608,ANCASH,CARHUAZ,SAN MIGUEL DE ACO,3.42
021009,ANCASH,HUARI,MASIN,6.17
021011,ANCASH,HUARI,PONTO,8.27
100511,HUANUCO,HUAMALIES,TANTAMAYO,6.16
020602,ANCASH,CARHUAZ,ACOPAMPA,8.23
100510,HUANUCO,HUAMALIES,SINGA,5.02
020802,ANCASH,CASMA,BUENA VISTA ALTA,16.56
021005,ANCASH,HUARI,HUACACHI,8.73
020610,ANCASH,CARHUAZ,TINCO,
020606,ANCASH,CARHUAZ,MARCARA,4.9
020605,ANCASH,CARHUAZ,ATAQUERO,2.64
100404,HUANUCO,HUACAYBAMBA,PINRA,7.92
100401,HUANUCO,HUACAYBAMBA,HUACAYBAMBA,7.4
021208,ANCASH,HUAYLAS,SANTA CRUZ,5.34
021301,ANCASH,MARISCAL LUZURIAGA,PISCOBAMBA,8.61
220401,SAN MARTIN,HUALLAGA,SAPOSOA,19.25
190302,PASCO,OXAPAMPA,CHONTABAMBA,10.4
190301,PASCO,OXAPAMPA,OXAPAMPA,12.69
190307,PASCO,OXAPAMPA,VILLA RICA,16.29
190102,PASCO,PASCO,HUACHON,5.04
190110,PASCO,PASCO,TICLACAYAN,3.59
100203,HUANUCO,AMBO,COLPAS,4.41
250201,UCAYALI,ATALAYA,RAIMONDI,21.36
100202,HUANUCO,AMBO,CAYNA,5.55
100205,HUANUCO,AMBO,HUACAR,8.08
100204,HUANUCO,AMBO,CONCHAMARCA,11.85
100105,HUANUCO,HUANUCO,MARGOS,5.13
100108,HUANUCO,HUANUCO,SAN PEDRO DE CHAULAN,6.02
100111,HUANUCO,HUANUCO,PILLCO MARCA,11.32
160706,LORETO,DATEM DEL MARAÑON,ANDOAS,22.65
160102,LORETO,MAYNAS,ALTO NANAY,22.56
160106,LORETO,MAYNAS,MAZAN,22.68
160304,LORETO,LORETO,TROMPETEROS,22.43
160303,LORETO,LORETO,TIGRE,22.5
160107,LORETO,MAYNAS,NAPO,22.52
160801,LORETO,PUTUMAYO,PUTUMAYO,22.78
160110,LORETO,MAYNAS,TORRES CAUSANA,22.42
160803,LORETO,PUTUMAYO,TENIENTE MANUEL CLAVERO,22.47
010104,AMAZONAS,CHACHAPOYAS,CHETO,11.77
010510,AMAZONAS,LUYA,LUYA VIEJO,12.19
010505,AMAZONAS,LUYA,CONILA,11.17
120601,JUNIN,SATIPO,SATIPO,17.76
090501,HUANCAVELICA,CHURCAMPA,CHURCAMPA,5.11
090506,HUANCAVELICA,CHURCAMPA,LOCROJA,4.81
090502,HUANCAVELICA,CHURCAMPA,ANCO,6.71
090509,HUANCAVELICA,CHURCAMPA,SAN PEDRO DE CORIS,6.7
150704,LIMA,HUAROCHIRI,CARAMPOMA,1.11
150407,LIMA,CANTA,SANTA ROSA DE QUIVES,14.22
120205,JUNIN,CONCEPCION,COCHAS,4.3
120203,JUNIN,CONCEPCION,ANDAMARCA,3.09
120209,JUNIN,CONCEPCION,MARISCAL CASTILLA,8.03
120426,JUNIN,JAUJA,POMACANCHA,1.41
150405,LIMA,CANTA,LACHAQUI,4.99
120808,JUNIN,YAULI,SANTA ROSA DE SACCO,1.27
150106,LIMA,LIMA,CARABAYLLO,16.38
150904,LIMA,OYON,COCHAMARCA,5.67
150906,LIMA,OYON,PACHANGARA,5.5
150905,LIMA,OYON,NAVAN,6.08
190104,PASCO,PASCO,HUAYLLAY,1.13
190111,PASCO,PASCO,TINYAHUARCO,2.28
250202,UCAYALI,ATALAYA,SEPAHUA,22.15
120304,JUNIN,CHANCHAMAYO,SAN LUIS DE SHUARO,15.63
170104,MADRE DE DIOS,TAMBOPATA,LABERINTO,22.36
120504,JUNIN,JUNIN,ULCUMAYO,6.09
150903,LIMA,OYON,CAUJUL,1.41
190101,PASCO,PASCO,CHAUPIMARCA,
150902,LIMA,OYON,ANDAJES,4.36
120303,JUNIN,CHANCHAMAYO,PICHANAQUI,17.04
190105,PASCO,PASCO,NINACACA,2.44
120302,JUNIN,CHANCHAMAYO,PERENE,16.33
150812,LIMA,HUAURA,VEGUETA,16.75
150809,LIMA,HUAURA,SANTA LEONOR,3.37
150804,LIMA,HUAURA,CHECRAS,7.32
120502,JUNIN,JUNIN,CARHUAMAYO,2.35
190112,PASCO,PASCO,VICCO,2.32
120301,JUNIN,CHANCHAMAYO,CHANCHAMAYO,12.92
021506,ANCASH,PALLASCA,LACABAMBA,6.36
130812,LA LIBERTAD,PATAZ,TAURIJA,12.49
130801,LA LIBERTAD,PATAZ,TAYABAMBA,6.98
130109,LA LIBERTAD,TRUJILLO,SALAVERRY,17.35
150901,LIMA,OYON,OYON,2.22
190201,PASCO,DANIEL ALCIDES CARRION,YANAHUANCA,2.57
101007,HUANUCO,LAURICOCHA,SAN MIGUEL DE CAURI,3.49
150205,LIMA,BARRANCA,SUPE PUERTO,17.09
150204,LIMA,BARRANCA,SUPE,16.73
150201,LIMA,BARRANCA,BARRANCA,16.99
150802,LIMA,HUAURA,AMBAR,10.61
021409,ANCASH,OCROS,SAN PEDRO,14.64
021405,ANCASH,OCROS,COCHAS,15.78
150203,LIMA,BARRANCA,PATIVILCA,17.07
020507,ANCASH,BOLOGNESI,COLQUIOC,13.8
150202,LIMA,BARRANCA,PARAMONGA,16.87
021101,ANCASH,HUARMEY,HUARMEY,16.34
160206,LORETO,ALTO AMAZONAS,LAGUNAS,22.75
160305,LORETO,LORETO,URARINAS,22.7
160205,LORETO,ALTO AMAZONAS,JEBEROS,22.57
160702,LORETO,DATEM DEL MARAÑON,CAHUAPANAS,21.85
160202,LORETO,ALTO AMAZONAS,BALSAPUERTO,20.99
120608,JUNIN,SATIPO,RIO TAMBO,17.59
080909,CUSCO,LA CONVENCION,VILCABAMBA,7.78
190109,PASCO,PASCO,SIMON BOLIVAR,1.74
150303,LIMA,CAJATAMBO,GORGOR,4.65
150305,LIMA,CAJATAMBO,MANAS,11.47
190107,PASCO,PASCO,PAUCARTAMBO,6.2
130608,LA LIBERTAD,OTUZCO,MACHE,7.2
130501,LA LIBERTAD,JULCAN,JULCAN,6.88
130106,LA LIBERTAD,TRUJILLO,LAREDO,17.23
130611,LA LIBERTAD,OTUZCO,SALPO,13.17
131008,LA LIBERTAD,SANTIAGO DE CHUCO,SITABAMBA,6.46
130806,LA LIBERTAD,PATAZ,HUAYO,13.36
021902,ANCASH,SIHUAS,ACOBAMBA,10.58
021508,ANCASH,PALLASCA,PALLASCA,10.94
020907,ANCASH,CORONGO,YUPAN,10.29
021910,ANCASH,SIHUAS,SICSIBAMBA,8.95
100903,HUANUCO,PUERTO INCA,HONORIA,22.06
021904,ANCASH,SIHUAS,CASHAPAMPA,5.14
130804,LA LIBERTAD,PATAZ,HUANCASPATA,7.95
250104,UCAYALI,CORONEL PORTILLO,MASISEA,22.1
131202,LA LIBERTAD,VIRU,CHAO,16.53
021907,ANCASH,SIHUAS,QUICHES,10.65
021905,ANCASH,SIHUAS,CHINGALPO,4.84
221002,SAN MARTIN,TOCACHE,NUEVO PROGRESO,19.26
021502,ANCASH,PALLASCA,BOLOGNESI,13.35
021504,ANCASH,PALLASCA,HUACASCHUQUE,
021505,ANCASH,PALLASCA,HUANDOVAL,7.57
130813,LA LIBERTAD,PATAZ,URPAY,11.17
221004,SAN MARTIN,TOCACHE,SHUNTE,9.79
131007,LA LIBERTAD,SANTIAGO DE CHUCO,SANTA CRUZ DE CHUCA,9.49
040809,AREQUIPA,LA UNION,TAURIA,8.19
040310,AREQUIPA,CARAVELI,JAQUI,13.33
040808,AREQUIPA,LA UNION,SAYLA,9.08
210103,PUNO,PUNO,AMANTANI,5.01
120431,JUNIN,JAUJA,SINCOS,1.69
120114,JUNIN,HUANCAYO,EL TAMBO,1.49
150717,LIMA,HUAROCHIRI,SAN BARTOLOME,11.61
120210,JUNIN,CONCEPCION,MATAHUASI,5.18
190108,PASCO,PASCO,SAN FRANCISCO DE ASIS DE YARUSYACAN,3.88
100501,HUANUCO,HUAMALIES,LLATA,4.79
040807,AREQUIPA,LA UNION,QUECHUALLA,6.37
040811,AREQUIPA,LA UNION,TORO,8.41
210901,PUNO,MOHO,MOHO,0.69
210205,PUNO,AZANGARO,CAMINACA,0.72
040607,AREQUIPA,CONDESUYOS,SALAMANCA,0.15
210706,PUNO,LAMPA,PALCA,-2.43
210210,PUNO,AZANGARO,SAMAN,1.62
040801,AREQUIPA,LA UNION,COTAHUASI,6.07
040515,AREQUIPA,CAYLLOMA,SIBAYO,-2.41
210701,PUNO,LAMPA,LAMPA,-0.45
210704,PUNO,LAMPA,NICASIO,0.4
210903,PUNO,MOHO,HUAYRAPATA,-1.13
210202,PUNO,AZANGARO,ACHAYA,0.73
040311,AREQUIPA,CARAVELI,LOMAS,14.72
040810,AREQUIPA,LA UNION,TOMEPAMPA,6.19
040406,AREQUIPA,CASTILLA,CHOCO,0.51
040803,AREQUIPA,LA UNION,CHARCANA,3.33
210606,PUNO,HUANCANE,ROSASPATA,0.24
080802,CUSCO,ESPINAR,CONDOROMA,-4.12
210710,PUNO,LAMPA,VILAVILA,-2.53
040802,AREQUIPA,LA UNION,ALCA,4.13
210601,PUNO,HUANCANE,HUANCANE,0.61
210608,PUNO,HUANCANE,VILQUE CHICO,0.11
210206,PUNO,AZANGARO,CHUPA,1.31
210705,PUNO,LAMPA,OCUVIRI,-2.81
220106,SAN MARTIN,MOYOBAMBA,YANTALO,19.06
060808,CAJAMARCA,JAEN,PUCARA,15.08
140310,LAMBAYEQUE,LAMBAYEQUE,SALAS,16.05
160511,LORETO,REQUENA,YAQUERANA,22.44
160501,LORETO,REQUENA,REQUENA,22.6
160507,LORETO,REQUENA,SAQUENA,22.62
150723,LIMA,HUAROCHIRI,SAN MATEO DE OTAO,7.18
150728,LIMA,HUAROCHIRI,SANTA EULALIA,10.2
120401,JUNIN,JAUJA,JAUJA,
020702,ANCASH,CARLOS FERMIN FITZCARRALD,SAN NICOLAS,8.51
021305,ANCASH,MARISCAL LUZURIAGA,LLAMA,9.06
021602,ANCASH,POMABAMBA,HUAYLLAN,7.11
021303,ANCASH,MARISCAL LUZURIAGA,ELEAZAR GUZMAN BARRON,7.88
021802,ANCASH,SANTA,CACERES DEL PERU,9.37
021204,ANCASH,HUAYLAS,HUAYLAS,5.4
021308,ANCASH,MARISCAL LUZURIAGA,MUSGA,6.96
101101,HUANUCO,YAROWILCA,CHAVINILLO,5.44
100109,HUANUCO,HUANUCO,SANTA MARIA DEL VALLE,7.55
250203,UCAYALI,ATALAYA,TAHUANIA,21.86
100104,HUANUCO,HUANUCO,CHURUBAMBA,8.12
100311,HUANUCO,DOS DE MAYO,MARIAS,6.23
100112,HUANUCO,HUANUCO,YACUS,5.21
061112,CAJAMARCA,SAN MIGUEL,TONGOD,7.7
021707,ANCASH,RECUAY,PAMPAS CHICO,4.72
021708,ANCASH,RECUAY,PARARIN,10.77
101003,HUANUCO,LAURICOCHA,JIVIA,5.29
020509,ANCASH,BOLOGNESI,HUASTA,3.9
021706,ANCASH,RECUAY,MARCA,5.95
010516,AMAZONAS,LUYA,SAN CRISTOBAL,12.28
010107,AMAZONAS,CHACHAPOYAS,GRANADA,7.89
010117,AMAZONAS,CHACHAPOYAS,QUINJALCA,9.05
010311,AMAZONAS,BONGARA,VALERA,13.28
060611,CAJAMARCA,CUTERVO,SANTA CRUZ,15.62
060602,CAJAMARCA,CUTERVO,CALLAYUC,14.63
220508,SAN MARTIN,LAMAS,SAN ROQUE DE CUMBAZA,18.71
010304,AMAZONAS,BONGARA,COROSHA,13.23
010704,AMAZONAS,UTCUBAMBA,EL MILAGRO,20.2
160505,LORETO,REQUENA,MAQUIA,22.28
060803,CAJAMARCA,JAEN,CHONTALI,11.05
060809,CAJAMARCA,JAEN,SALLIQUE,12.42
010201,AMAZONAS,BAGUA,BAGUA,21.03
060407,CAJAMARCA,CHOTA,COCHABAMBA,12.7
010511,AMAZONAS,LUYA,MARIA,7.93
010519,AMAZONAS,LUYA,SAN JUAN DE LOPECANCHA,9.93
220901,SAN MARTIN,SAN MARTIN,TARAPOTO,21.12
220903,SAN MARTIN,SAN MARTIN,CACATACHI,21.44
110304,ICA,NASCA,MARCONA,14.15
210214,PUNO,AZANGARO,SANTIAGO DE PUPUJA,0.22
040517,AREQUIPA,CAYLLOMA,TISCO,-2.37
210207,PUNO,AZANGARO,JOSE DOMINGO CHOQUEHUANCA,0.27
210603,PUNO,HUANCANE,HUATASANI,0.36
210203,PUNO,AZANGARO,ARAPA,0.66
110401,ICA,PALPA,PALPA,14.97
211002,PUNO,SAN ANTONIO DE PUTINA,ANANEA,-2.88
210208,PUNO,AZANGARO,MUÑANI,-1.02
211001,PUNO,SAN ANTONIO DE PUTINA,PUTINA,-1.5
080505,CUSCO,CANAS,LAYO,0.1
211005,PUNO,SAN ANTONIO DE PUTINA,SINA,1.96
080507,CUSCO,CANAS,QUEHUE,1.78
110404,ICA,PALPA,SANTA CRUZ,13.24
080604,CUSCO,CANCHIS,MARANGANI,-0.4
211206,PUNO,SANDIA,QUIACA,2.46
110104,ICA,ICA,OCUCAJE,13.79
210209,PUNO,AZANGARO,POTONI,-2.0
030303,APURIMAC,ANTABAMBA,HUAQUIRCA,1.97
080707,CUSCO,CHUMBIVILCAS,QUIÑOTA,2.72
030307,APURIMAC,ANTABAMBA,SABAINO,4.92
030713,APURIMAC,GRAU,VIRUNDO,1.21
210808,PUNO,MELGAR,SANTA ROSA,-1.45
211202,PUNO,SANDIA,CUYOCUYO,-1.08
080503,CUSCO,CANAS,KUNTURKANKI,-0.01
080502,CUSCO,CANAS,CHECCA,0.77
080708,CUSCO,CHUMBIVILCAS,VELILLE,1.42
210211,PUNO,AZANGARO,SAN ANTON,-0.83
030304,APURIMAC,ANTABAMBA,JUAN ESPINOZA MEDRANO,1.31
080701,CUSCO,CHUMBIVILCAS,SANTO TOMAS,0.46
030406,APURIMAC,AYMARAES,COTARUSE,1.81
030301,APURIMAC,ANTABAMBA,ANTABAMBA,1.26
030403,APURIMAC,AYMARAES,CARAYBAMBA,3.74
080504,CUSCO,CANAS,LANGUI,0.8
110106,ICA,ICA,PARCONA,14.78
110101,ICA,ICA,ICA,14.07
110103,ICA,ICA,LOS AQUIJES,14.44
110405,ICA,PALPA,TIBILLO,9.76
080603,CUSCO,CANCHIS,COMBAPATA,1.87
081006,CUSCO,PARURO,OMACHA,2.02
030407,APURIMAC,AYMARAES,IHUAYLLO,8.19
030408,APURIMAC,AYMARAES,JUSTO APU SAHUARAURA,6.32
030414,APURIMAC,AYMARAES,TAPAIRIHUA,6.99
090614,HUANCAVELICA,HUAYTARA,SANTIAGO DE QUIRAHUARA,6.0
030714,APURIMAC,GRAU,CURASCO,5.4
210310,PUNO,CARABAYA,USICAYOS,-0.15
110112,ICA,ICA,SUBTANJALLA,14.39
030708,APURIMAC,GRAU,PROGRESO,2.9
080202,CUSCO,ACOMAYO,ACOPIA,5.59
110102,ICA,ICA,LA TINGUIÑA,14.03
030701,APURIMAC,GRAU,CHUQUIBAMBILLA,2.24
090606,HUANCAVELICA,HUAYTARA,OCOYO,7.67
210804,PUNO,MELGAR,LLALLI,-0.85
110303,ICA,NASCA,EL INGENIO,14.68
210212,PUNO,AZANGARO,SAN JOSE,-0.42
080803,CUSCO,ESPINAR,COPORAQUE,-0.11
110402,ICA,PALPA,LLIPATA,15.49
211208,PUNO,SANDIA,YANAHUAYA,11.61
030305,APURIMAC,ANTABAMBA,OROPESA,0.56
110403,ICA,PALPA,RIO GRANDE,13.74
030401,APURIMAC,AYMARAES,CHALHUANCA,5.89
210306,PUNO,CARABAYA,CRUCERO,-2.46
080501,CUSCO,CANAS,YANAOCA,1.58
030705,APURIMAC,GRAU,MAMARA,4.68
210802,PUNO,MELGAR,ANTAUTA,-2.14
080601,CUSCO,CANCHIS,SICUANI,-0.54
030711,APURIMAC,GRAU,TURPAY,3.51
080703,CUSCO,CHUMBIVILCAS,CHAMACA,2.18
030709,APURIMAC,GRAU,SAN ANTONIO,6.42
080506,CUSCO,CANAS,PAMPAMARCA,3.79
080205,CUSCO,ACOMAYO,POMACANCHI,3.35
090603,HUANCAVELICA,HUAYTARA,CORDOVA,5.24
080702,CUSCO,CHUMBIVILCAS,CAPACMARCA,5.51
030416,APURIMAC,AYMARAES,TORAYA,2.99
110110,ICA,ICA,SAN JUAN BAUTISTA,
211205,PUNO,SANDIA,PHARA,8.24
030206,APURIMAC,ANDAHUAYLAS,HUAYANA,5.66
090612,HUANCAVELICA,HUAYTARA,SAN ISIDRO,6.31
030214,APURIMAC,ANDAHUAYLAS,SAN MIGUEL DE CHACCRAMPA,6.88
030404,APURIMAC,AYMARAES,CHAPIMARCA,7.75
110114,ICA,ICA,YAUCA DEL ROSARIO,12.26
090608,HUANCAVELICA,HUAYTARA,QUERCO,3.4
030703,APURIMAC,GRAU,GAMARRA,2.85
030212,APURIMAC,ANDAHUAYLAS,SAN ANTONIO DE CACHI,7.88
210305,PUNO,CARABAYA,CORANI,-2.96
080605,CUSCO,CANCHIS,PITUMARCA,-2.8
030218,APURIMAC,ANDAHUAYLAS,TURPO,5.31
110506,ICA,PISCO,SAN ANDRES,15.77
030501,APURIMAC,COTABAMBAS,TAMBOBAMBA,3.34
081212,CUSCO,QUISPICANCHI,QUIQUIJANA,2.1
080206,CUSCO,ACOMAYO,RONDOCAN,4.23
030205,APURIMAC,ANDAHUAYLAS,HUANCARAY,5.58
081007,CUSCO,PARURO,PACCARITAMBO,6.51
110508,ICA,PISCO,TUPAC AMARU INCA,16.17
030106,APURIMAC,ABANCAY,LAMBRAMA,5.29
110501,ICA,PISCO,PISCO,
080207,CUSCO,ACOMAYO,SANGARARA,2.85
030405,APURIMAC,AYMARAES,COLCABAMBA,4.11
081008,CUSCO,PARURO,PILLPINTO,4.21
210301,PUNO,CARABAYA,MACUSANI,-2.61
081002,CUSCO,PARURO,ACCHA,4.37
030505,APURIMAC,COTABAMBAS,MARA,4.42
030704,APURIMAC,GRAU,HUAYLLATI,6.79
030102,APURIMAC,ABANCAY,CHACOCHE,4.5
030702,APURIMAC,GRAU,CURPAHUASI,1.06
080203,CUSCO,ACOMAYO,ACOS,5.68
080602,CUSCO,CANCHIS,CHECACUPE,-2.4
030217,APURIMAC,ANDAHUAYLAS,TUMAY HUARACA,3.14
211209,PUNO,SANDIA,ALTO INAMBARI,13.51
030203,APURIMAC,ANDAHUAYLAS,CHIARA,4.84
080201,CUSCO,ACOMAYO,ACOMAYO,2.34
030411,APURIMAC,AYMARAES,SAN JUAN DE CHACÑA,3.81
030409,APURIMAC,AYMARAES,LUCRE,4.08
090605,HUANCAVELICA,HUAYTARA,LARAMARCA,3.97
110108,ICA,ICA,SALAS,14.91
081004,CUSCO,PARURO,COLCHA,6.77
081206,CUSCO,QUISPICANCHI,CUSIPATA,1.79
030415,APURIMAC,AYMARAES,TINTAY,5.02
030103,APURIMAC,ABANCAY,CIRCA,4.96
030503,APURIMAC,COTABAMBAS,COYLLURQUI,3.99
081003,CUSCO,PARURO,CCAPI,6.61
110505,ICA,PISCO,PARACAS,15.37
090611,HUANCAVELICA,HUAYTARA,SAN FRANCISCO DE SANGAYAICO,6.95
110109,ICA,ICA,SAN JOSE DE LOS MOLINOS,13.1
081207,CUSCO,QUISPICANCHI,HUARO,3.11
030107,APURIMAC,ABANCAY,PICHIRHUA,5.04
030502,APURIMAC,COTABAMBAS,COTABAMBAS,6.42
210112,PUNO,PUNO,PLATERIA,1.26
081208,CUSCO,QUISPICANCHI,LUCRE,2.81
030603,APURIMAC,CHINCHEROS,COCHARCAS,8.61
030101,APURIMAC,ABANCAY,ABANCAY,9.08
030109,APURIMAC,ABANCAY,TAMBURCO,1.68
030209,APURIMAC,ANDAHUAYLAS,PACUCHA,6.62
080102,CUSCO,CUSCO,CCORCA,1.94
090117,HUANCAVELICA,HUANCAVELICA,YAULI,2.62
090208,HUANCAVELICA,ACOBAMBA,ROSARIO,5.55
151012,LIMA,YAUYOS,HONGOS,1.89
150502,LIMA,CAÑETE,ASIA,16.44
151008,LIMA,YAUYOS,CATAHUASI,10.17
151006,LIMA,YAUYOS,CACRA,4.56
080905,CUSCO,LA CONVENCION,OCOBAMBA,9.13
151023,LIMA,YAUYOS,PUTINZA,8.0
090206,HUANCAVELICA,ACOBAMBA,PAUCARA,2.06
090114,HUANCAVELICA,HUANCAVELICA,PALCA,2.17
170102,MADRE DE DIOS,TAMBOPATA,INAMBARI,22.31
090202,HUANCAVELICA,ACOBAMBA,ANDABAMBA,6.25
090102,HUANCAVELICA,HUANCAVELICA,ACOBAMBILLA,-0.47
150509,LIMA,CAÑETE,MALA,16.63
151031,LIMA,YAUYOS,TUPE,1.8
150513,LIMA,CAÑETE,SAN ANTONIO,16.66
150113,LIMA,LIMA,JESUS MARIA,
090304,HUANCAVELICA,ANGARAES,CCOCHACCASA,1.34
151020,LIMA,YAUYOS,MADEAN,2.55
080904,CUSCO,LA CONVENCION,MARANURA,13.99
090403,HUANCAVELICA,CASTROVIRREYNA,AURAHUA,0.11
090303,HUANCAVELICA,ANGARAES,CALLANMARCA,6.41
151032,LIMA,YAUYOS,VIÑAC,5.87
151009,LIMA,YAUYOS,CHOCOS,11.46
150609,LIMA,HUARAL,SAN MIGUEL DE ACOS,12.31
150601,LIMA,HUARAL,HUARAL,16.05
120804,JUNIN,YAULI,MARCAPOMACOCHA,-0.33
080105,CUSCO,CUSCO,SAN SEBASTIAN,4.59
081211,CUSCO,QUISPICANCHI,OROPESA,3.6
151029,LIMA,YAUYOS,TAURIPAMPA,9.41
090110,HUANCAVELICA,HUANCAVELICA,MANTA,1.84
090109,HUANCAVELICA,HUANCAVELICA,LARIA,1.14
080408,CUSCO,CALCA,YANATILE,9.59
090119,HUANCAVELICA,HUANCAVELICA,HUANDO,2.77
120204,JUNIN,CONCEPCION,CHAMBARA,3.02
120132,JUNIN,HUANCAYO,SAÑO,
150730,LIMA,HUAROCHIRI,SANTIAGO DE TUNA,11.15
150715,LIMA,HUAROCHIRI,SAN ANDRES DE TUPICOCHA,6.48
120202,JUNIN,CONCEPCION,ACO,3.14
150721,LIMA,HUAROCHIRI,SAN LORENZO DE QUINTI,2.61
151003,LIMA,YAUYOS,ALLAUCA,4.48
150124,LIMA,LIMA,PUCUSANA,
150138,LIMA,LIMA,SANTA MARIA DEL MAR,16.9
090116,HUANCAVELICA,HUANCAVELICA,VILCA,0.8
090105,HUANCAVELICA,HUANCAVELICA,CUENCA,3.03
080107,CUSCO,CUSCO,SAYLLA,
030608,APURIMAC,CHINCHEROS,RANRACANCHA,4.57
030216,APURIMAC,ANDAHUAYLAS,TALAVERA,7.43
120111,JUNIN,HUANCAYO,CHUPURO,2.32
150108,LIMA,LIMA,CHORRILLOS,18.18
120136,JUNIN,HUANCAYO,VIQUES,
150726,LIMA,HUAROCHIRI,SANGALLAYA,3.32
150104,LIMA,LIMA,BARRANCO,
150731,LIMA,HUAROCHIRI,SANTO DOMINGO DE LOS OLLEROS,13.51
150143,LIMA,LIMA,VILLA MARIA DEL TRIUNFO,17.15
150133,LIMA,LIMA,SAN JUAN DE MIRAFLORES,17.97
120121,JUNIN,HUANCAYO,HUAYUCACHI,5.63
120903,JUNIN,CHUPACA,CHONGOS BAJO,0.01
150711,LIMA,HUAROCHIRI,LANGA,7.47
151021,LIMA,YAUYOS,MIRAFLORES,-0.48
150122,LIMA,LIMA,MIRAFLORES,18.21
150706,LIMA,HUAROCHIRI,CUENCA,8.61
090709,HUANCAVELICA,TAYACAJA,HUARIBAMBA,4.82
150141,LIMA,LIMA,SURQUILLO,
080104,CUSCO,CUSCO,SAN JERONIMO,3.97
081204,CUSCO,QUISPICANCHI,CCARHUAYO,0.86
150718,LIMA,HUAROCHIRI,SAN DAMIAN,3.72
120413,JUNIN,JAUJA,LEONOR ORDOÑEZ,3.58
120423,JUNIN,JAUJA,PACCHA,1.51
120128,JUNIN,HUANCAYO,QUILCAS,1.54
120124,JUNIN,HUANCAYO,PARIAHUANCA,3.72
120420,JUNIN,JAUJA,MUQUI,
170201,MADRE DE DIOS,MANU,MANU,19.37
120207,JUNIN,CONCEPCION,HEROINAS TOLEDO,1.48
120127,JUNIN,HUANCAYO,QUICHUAY,
120421,JUNIN,JAUJA,MUQUIYAUYO,4.78
120409,JUNIN,JAUJA,HUARIPAMPA,
120122,JUNIN,HUANCAYO,INGENIO,2.08
120428,JUNIN,JAUJA,SAN LORENZO,
120407,JUNIN,JAUJA,EL MANTARO,4.89
150732,LIMA,HUAROCHIRI,SURCO,8.05
120430,JUNIN,JAUJA,SAUSA,
120425,JUNIN,JAUJA,PARCO,3.77
150807,LIMA,HUAURA,LEONCIO PRADO,4.46
120607,JUNIN,SATIPO,RIO NEGRO,19.07
120708,JUNIN,TARMA,SAN PEDRO DE CAJAS,3.2
120501,JUNIN,JUNIN,JUNIN,1.24
120503,JUNIN,JUNIN,ONDORES,1.78
120704,JUNIN,TARMA,HUASAHUASI,5.14
150811,LIMA,HUAURA,SAYAN,15.5
090508,HUANCAVELICA,CHURCAMPA,SAN MIGUEL DE MAYOCC,7.99
090505,HUANCAVELICA,CHURCAMPA,LA MERCED,10.51
090504,HUANCAVELICA,CHURCAMPA,EL CARMEN,6.54
030104,APURIMAC,ABANCAY,CURAHUASI,6.53
080103,CUSCO,CUSCO,POROY,3.67
030602,APURIMAC,CHINCHEROS,ANCO_HUALLO,5.16
080101,CUSCO,CUSCO,CUSCO,3.17
090616,HUANCAVELICA,HUAYTARA,TAMBO,1.49
081102,CUSCO,PAUCARTAMBO,CAICAY,5.19
081105,CUSCO,PAUCARTAMBO,HUANCARANI,3.58
081205,CUSCO,QUISPICANCHI,CCATCA,2.64
090609,HUANCAVELICA,HUAYTARA,QUITO-ARMA,7.7
030601,APURIMAC,CHINCHEROS,CHINCHEROS,8.76
030219,APURIMAC,ANDAHUAYLAS,KAQUIABAMBA,10.45
090408,HUANCAVELICA,CASTROVIRREYNA,HUAMATAMBO,3.55
090312,HUANCAVELICA,ANGARAES,SECCLLA,2.53
150514,LIMA,CAÑETE,SAN LUIS,16.67
090402,HUANCAVELICA,CASTROVIRREYNA,ARMA,3.72
080908,CUSCO,LA CONVENCION,SANTA TERESA,4.58
211210,PUNO,SANDIA,SAN PEDRO DE PUTINA PUNCO,20.19
110203,ICA,CHINCHA,CHAVIN,9.49
150507,LIMA,CAÑETE,IMPERIAL,16.67
110209,ICA,CHINCHA,SAN PEDRO DE HUACARPANA,1.77
151005,LIMA,YAUYOS,AZANGARO,5.11
080903,CUSCO,LA CONVENCION,HUAYOPATA,9.64
090701,HUANCAVELICA,TAYACAJA,PAMPAS,3.14
151010,LIMA,YAUYOS,COCHAS,9.26
120106,JUNIN,HUANCAYO,CHICCHE,-0.07
151004,LIMA,YAUYOS,AYAVIRI,1.74
151025,LIMA,YAUYOS,QUINOCAY,10.91
151024,LIMA,YAUYOS,QUINCHES,4.21
120112,JUNIN,HUANCAYO,COLCA,3.17
151002,LIMA,YAUYOS,ALIS,0.78
151017,LIMA,YAUYOS,HUAÑEC,0.62
150127,LIMA,LIMA,PUNTA NEGRA,16.26
090713,HUANCAVELICA,TAYACAJA,QUISHUAR,10.78
150713,LIMA,HUAROCHIRI,MARIATANA,6.49
151026,LIMA,YAUYOS,SAN JOAQUIN,2.26
120113,JUNIN,HUANCAYO,CULLHUAS,3.3
170203,MADRE DE DIOS,MANU,MADRE DE DIOS,21.65
070104,CALLAO,CALLAO,LA PERLA,
150134,LIMA,LIMA,SAN LUIS,17.9
150136,LIMA,LIMA,SAN MIGUEL,18.07
080304,CUSCO,ANTA,CHINCHAYPUJIO,5.26
080308,CUSCO,ANTA,PUCYURA,4.67
030202,APURIMAC,ANDAHUAYLAS,ANDARAPA,11.54
080303,CUSCO,ANTA,CACHIMAYO,4.44
080406,CUSCO,CALCA,SAN SALVADOR,5.23
211203,PUNO,SANDIA,LIMBANI,14.83
030606,APURIMAC,CHINCHEROS,ONGOY,6.6
080307,CUSCO,ANTA,MOLLEPATA,5.62
080306,CUSCO,ANTA,LIMATAMBO,4.56
080405,CUSCO,CALCA,PISAC,4.45
090413,HUANCAVELICA,CASTROVIRREYNA,TICRAPO,8.32
080305,CUSCO,ANTA,HUAROCONDO,0.92
081305,CUSCO,URUBAMBA,MARAS,5.56
080403,CUSCO,CALCA,LAMAY,3.3
081303,CUSCO,URUBAMBA,HUAYLLABAMBA,4.56
110202,ICA,CHINCHA,ALTO LARAN,15.29
081104,CUSCO,PAUCARTAMBO,COLQUEPATA,3.54
081307,CUSCO,URUBAMBA,YUCAY,
150142,LIMA,LIMA,VILLA EL SALVADOR,17.79
150126,LIMA,LIMA,PUNTA HERMOSA,16.5
081209,CUSCO,QUISPICANCHI,MARCAPATA,1.2
050618,AYACUCHO,LUCANAS,SAN PEDRO DE PALCO,3.72
050908,AYACUCHO,SUCRE,SAN PEDRO DE LARCAY,3.81
050905,AYACUCHO,SUCRE,HUACAÑA,5.0
050907,AYACUCHO,SUCRE,PAICO,5.37
050302,AYACUCHO,HUANCA SANCOS,CARAPO,5.17
051103,AYACUCHO,VILCAS HUAMAN,CARHUANCA,4.88
050304,AYACUCHO,HUANCA SANCOS,SANTIAGO DE LUCANAMARCA,1.7
051105,AYACUCHO,VILCAS HUAMAN,HUAMBALPA,5.22
051005,AYACUCHO,VICTOR FAJARDO,CANARIA,3.54
050909,AYACUCHO,SUCRE,SAN SALVADOR DE QUIJE,4.21
050901,AYACUCHO,SUCRE,QUEROBAMBA,7.12
050904,AYACUCHO,SUCRE,CHILCAYOC,6.29
051106,AYACUCHO,VILCAS HUAMAN,INDEPENDENCIA,8.31
050903,AYACUCHO,SUCRE,CHALCOS,8.57
050303,AYACUCHO,HUANCA SANCOS,SACSAMARCA,3.5
051010,AYACUCHO,VICTOR FAJARDO,HUALLA,4.69
050301,AYACUCHO,HUANCA SANCOS,SANCOS,2.32
030108,APURIMAC,ABANCAY,SAN PEDRO DE CACHORA,9.6
080407,CUSCO,CALCA,TARAY,4.45
080309,CUSCO,ANTA,ZURITE,2.41
110211,ICA,CHINCHA,TAMBO DE MORA,
030208,APURIMAC,ANDAHUAYLAS,PACOBAMBA,10.29
110210,ICA,CHINCHA,SUNAMPE,17.11
110205,ICA,CHINCHA,EL CARMEN,14.87
080301,CUSCO,ANTA,ANTA,3.34
080302,CUSCO,ANTA,ANCAHUASI,2.55
030105,APURIMAC,ABANCAY,HUANIPACA,9.61
030605,APURIMAC,CHINCHEROS,OCOBAMBA,6.77
090610,HUANCAVELICA,HUAYTARA,SAN ANTONIO DE CUSICANCHA,2.51
081302,CUSCO,URUBAMBA,CHINCHERO,4.23
210309,PUNO,CARABAYA,SAN GABAN,14.88
080402,CUSCO,CALCA,COYA,4.81
110502,ICA,PISCO,HUANCANO,11.02
120126,JUNIN,HUANCAYO,PUCARA,3.55
090302,HUANCAVELICA,ANGARAES,ANCHONGA,3.08
170204,MADRE DE DIOS,MANU,HUEPETUHE,20.87
110207,ICA,CHINCHA,PUEBLO NUEVO,15.68
090407,HUANCAVELICA,CASTROVIRREYNA,HUACHOS,4.66
210303,PUNO,CARABAYA,AYAPATA,13.9
081101,CUSCO,PAUCARTAMBO,PAUCARTAMBO,6.21
081306,CUSCO,URUBAMBA,OLLANTAYTAMBO,2.73
081304,CUSCO,URUBAMBA,MACHUPICCHU,6.13
110208,ICA,CHINCHA,SAN JUAN DE YANAC,8.32
081203,CUSCO,QUISPICANCHI,CAMANTI,13.23
150501,LIMA,CAÑETE,SAN VICENTE DE CAÑETE,16.23
090412,HUANCAVELICA,CASTROVIRREYNA,TANTARA,4.47
081103,CUSCO,PAUCARTAMBO,CHALLABAMBA,4.1
150714,LIMA,HUAROCHIRI,RICARDO PALMA,15.15
120101,JUNIN,HUANCAYO,HUANCAYO,1.67
120211,JUNIN,CONCEPCION,MITO,4.73
090101,HUANCAVELICA,HUANCAVELICA,HUANCAVELICA,1.04
081106,CUSCO,PAUCARTAMBO,KOSÑIPATA,12.74
090111,HUANCAVELICA,HUANCAVELICA,MARISCAL CACERES,
150506,LIMA,CAÑETE,COAYLLO,15.36
090112,HUANCAVELICA,HUANCAVELICA,MOYA,3.71
090115,HUANCAVELICA,HUANCAVELICA,PILCHACA,5.09
151022,LIMA,YAUYOS,OMAS,9.9
151016,LIMA,YAUYOS,HUANTAN,0.15
090107,HUANCAVELICA,HUANCAVELICA,HUAYLLAHUARA,
150129,LIMA,LIMA,SAN BARTOLO,16.56
151001,LIMA,YAUYOS,YAUYOS,2.17
090702,HUANCAVELICA,TAYACAJA,ACOSTAMBO,2.92
090703,HUANCAVELICA,TAYACAJA,ACRAQUIA,1.56
120104,JUNIN,HUANCAYO,CARHUACALLANGA,3.65
080906,CUSCO,LA CONVENCION,QUELLOUNO,15.05
150503,LIMA,CAÑETE,CALANGO,14.97
120120,JUNIN,HUANCAYO,HUASICANCHA,1.43
120105,JUNIN,HUANCAYO,CHACAPAMPA,1.77
151013,LIMA,YAUYOS,HUAMPARA,9.09
120108,JUNIN,HUANCAYO,CHONGOS ALTO,-0.81
090704,HUANCAVELICA,TAYACAJA,AHUAYCHA,1.57
151018,LIMA,YAUYOS,LARAOS,0.5
151007,LIMA,YAUYOS,CARANIA,1.3
090706,HUANCAVELICA,TAYACAJA,DANIEL HERNANDEZ,5.85
090710,HUANCAVELICA,TAYACAJA,ÑAHUIMPUQUIO,3.02
150505,LIMA,CAÑETE,CHILCA,16.44
150710,LIMA,HUAROCHIRI,LAHUAYTAMBO,7.07
150123,LIMA,LIMA,PACHACAMAC,16.62
120905,JUNIN,CHUPACA,HUAMANCACA CHICO,4.92
150115,LIMA,LIMA,LA VICTORIA,
150114,LIMA,LIMA,LA MOLINA,17.14
070102,CALLAO,CALLAO,BELLAVISTA,
150105,LIMA,LIMA,BREÑA,
120107,JUNIN,HUANCAYO,CHILCA,
120133,JUNIN,HUANCAYO,SAPALLANGA,3.13
120901,JUNIN,CHUPACA,CHUPACA,
150725,LIMA,HUAROCHIRI,SAN PEDRO DE HUANCAYRE,3.0
090715,HUANCAVELICA,TAYACAJA,SALCAHUASI,10.12
120907,JUNIN,CHUPACA,SAN JUAN DE JARPA,2.38
120902,JUNIN,CHUPACA,AHUAC,3.6
151030,LIMA,YAUYOS,TOMAS,0.03
090717,HUANCAVELICA,TAYACAJA,SURCUBAMBA,11.63
150137,LIMA,LIMA,SANTA ANITA,
120125,JUNIN,HUANCAYO,PILCOMAYO,4.47
120904,JUNIN,CHUPACA,HUACHAC,
150109,LIMA,LIMA,CIENEGUILLA,15.96
090716,HUANCAVELICA,TAYACAJA,SAN MARCOS DE ROCCHAC,2.82
120214,JUNIN,CONCEPCION,SAN JOSE DE QUERO,1.49
090707,HUANCAVELICA,TAYACAJA,HUACHOCOLPA,12.23
151014,LIMA,YAUYOS,HUANCAYA,0.12
151028,LIMA,YAUYOS,TANTA,-0.21
120134,JUNIN,HUANCAYO,SICAYA,4.33
160510,LORETO,REQUENA,JENARO HERRERA,22.62
120809,JUNIN,YAULI,SUITUCANCHA,-0.55
120416,JUNIN,JAUJA,MASMA,4.11
120408,JUNIN,JAUJA,HUAMALI,
120405,JUNIN,JAUJA,CANCHAYLLO,0.26
120410,JUNIN,JAUJA,HUERTAS,4.91
120411,JUNIN,JAUJA,JANJAILLO,2.33
120417,JUNIN,JAUJA,MASMA CHICCHE,2.4
120412,JUNIN,JAUJA,JULCAN,
150724,LIMA,HUAROCHIRI,SAN PEDRO DE CASTA,5.68
120415,JUNIN,JAUJA,MARCO,3.98
120424,JUNIN,JAUJA,PANCAN,
120406,JUNIN,JAUJA,CURICACA,2.47
150701,LIMA,HUAROCHIRI,MATUCANA,5.81
150708,LIMA,HUAROCHIRI,HUANZA,0.56
120801,JUNIN,YAULI,LA OROYA,2.45
150712,LIMA,HUAROCHIRI,SAN PEDRO DE LARAOS,2.37
120427,JUNIN,JAUJA,RICRAN,2.41
120703,JUNIN,TARMA,HUARICOLCA,3.25
120418,JUNIN,JAUJA,MOLINOS,3.42
120403,JUNIN,JAUJA,APATA,2.59
120206,JUNIN,CONCEPCION,COMAS,2.89
150403,LIMA,CANTA,HUAMANTANGA,11.95
150401,LIMA,CANTA,CANTA,3.65
120805,JUNIN,YAULI,MOROCOCHA,-0.39
150605,LIMA,HUARAL,CHANCAY,16.65
170103,MADRE DE DIOS,TAMBOPATA,LAS PIEDRAS,22.0
120701,JUNIN,TARMA,TARMA,3.1
150604,LIMA,HUARAL,AUCALLAMA,16.32
120709,JUNIN,TARMA,TAPO,4.86
120603,JUNIN,SATIPO,LLAYLLA,13.22
150406,LIMA,CANTA,SAN BUENAVENTURA,3.37
120806,JUNIN,YAULI,PACCHA,1.33
170303,MADRE DE DIOS,TAHUAMANU,TAHUAMANU,21.74
120705,JUNIN,TARMA,LA UNION,2.2
150611,LIMA,HUARAL,SUMBILCA,12.0
170202,MADRE DE DIOS,MANU,FITZCARRALD,21.78
150404,LIMA,CANTA,HUAROS,0.85
120702,JUNIN,TARMA,ACOBAMBA,6.18
150603,LIMA,HUARAL,ATAVILLOS BAJO,7.86
120605,JUNIN,SATIPO,PAMPA HERMOSA,8.6
120602,JUNIN,SATIPO,COVIRIALI,18.39
120419,JUNIN,JAUJA,MONOBAMBA,8.37
150608,LIMA,HUARAL,PACARAOS,1.43
070103,CALLAO,CALLAO,CARMEN DE LA LEGUA REYNOSO,
150101,LIMA,LIMA,LIMA,
150111,LIMA,LIMA,EL AGUSTINO,16.69
150128,LIMA,LIMA,RIMAC,
150103,LIMA,LIMA,ATE,15.64
150107,LIMA,LIMA,CHACLACAYO,15.44
150112,LIMA,LIMA,INDEPENDENCIA,17.78
070101,CALLAO,CALLAO,CALLAO,17.82
150135,LIMA,LIMA,SAN MARTIN DE PORRES,17.78
150117,LIMA,LIMA,LOS OLIVOS,
150110,LIMA,LIMA,COMAS,17.12
150118,LIMA,LIMA,LURIGANCHO,15.45
150132,LIMA,LIMA,SAN JUAN DE LURIGANCHO,16.57
070106,CALLAO,CALLAO,VENTANILLA,17.06
150125,LIMA,LIMA,PUENTE PIEDRA,16.9
150808,LIMA,HUAURA,PACCHO,10.0
090205,HUANCAVELICA,ACOBAMBA,MARCAS,8.94
120135,JUNIN,HUANCAYO,SANTO DOMINGO DE ACOBAMBA,7.02
120429,JUNIN,JAUJA,SAN PEDRO DE CHUNAN,
150722,LIMA,HUAROCHIRI,SAN MATEO,2.47
150719,LIMA,HUAROCHIRI,SAN JUAN DE IRIS,2.58
150716,LIMA,HUAROCHIRI,SAN ANTONIO,12.65
120432,JUNIN,JAUJA,TUNAN MARCA,3.12
120802,JUNIN,YAULI,CHACAPALPA,1.61
120803,JUNIN,YAULI,HUAY-HUAY,0.14
120422,JUNIN,JAUJA,PACA,4.69
150707,LIMA,HUAROCHIRI,HUACHUPAMPA,5.42
120433,JUNIN,JAUJA,YAULI,3.53
150402,LIMA,CANTA,ARAHUAY,10.3
120810,JUNIN,YAULI,YAULI,0.0
130504,LA LIBERTAD,JULCAN,HUASO,9.2
221005,SAN MARTIN,TOCACHE,UCHIZA,18.97
131201,LA LIBERTAD,VIRU,VIRU,17.01
130107,LA LIBERTAD,TRUJILLO,MOCHE,18.09
220708,SAN MARTIN,PICOTA,SHAMBOYACU,19.96
140107,LAMBAYEQUE,CHICLAYO,LAGUNAS,18.06
022005,ANCASH,YUNGAY,QUILLO,9.37
021002,ANCASH,HUARI,ANRA,7.59
022002,ANCASH,YUNGAY,CASCAPARA,4.18
020801,ANCASH,CASMA,CASMA,16.95
022004,ANCASH,YUNGAY,MATACOTO,8.36
020609,ANCASH,CARHUAZ,SHILLA,2.94
021207,ANCASH,HUAYLAS,PUEBLO LIBRE,6.21
020703,ANCASH,CARLOS FERMIN FITZCARRALD,YAUYA,7.98
021306,ANCASH,MARISCAL LUZURIAGA,LLUMPA,4.8
021205,ANCASH,HUAYLAS,MATO,6.84
021307,ANCASH,MARISCAL LUZURIAGA,LUCMA,6.34
022008,ANCASH,YUNGAY,YANAMA,3.77
021704,ANCASH,RECUAY,HUAYLLAPAMPA,4.54
061201,CAJAMARCA,SAN PABLO,SAN PABLO,9.42
220406,SAN MARTIN,HUALLAGA,TINGO DE SAPOSOA,21.7
061110,CAJAMARCA,SAN MIGUEL,SAN GREGORIO,16.83
220203,SAN MARTIN,BELLAVISTA,BAJO BIAVO,20.77
060108,CAJAMARCA,CAJAMARCA,LOS BAÑOS DEL INCA,6.82
061113,CAJAMARCA,SAN MIGUEL,UNION AGUA BLANCA,13.84
061105,CAJAMARCA,SAN MIGUEL,EL PRADO,9.06
130304,LA LIBERTAD,BOLIVAR,LONGOTEA,15.78
130402,LA LIBERTAD,CHEPEN,PACANGA,18.06
220206,SAN MARTIN,BELLAVISTA,SAN RAFAEL,22.34
060308,CAJAMARCA,CELENDIN,OXAMARCA,9.7
130905,LA LIBERTAD,SANCHEZ CARRION,MARCABAL,8.85
060502,CAJAMARCA,CONTUMAZA,CHILETE,16.36
220202,SAN MARTIN,BELLAVISTA,ALTO BIAVO,18.94
060106,CAJAMARCA,CAJAMARCA,JESUS,8.06
060507,CAJAMARCA,CONTUMAZA,TANTARICA,15.18
060508,CAJAMARCA,CONTUMAZA,YONAN,18.06
060109,CAJAMARCA,CAJAMARCA,MAGDALENA,11.73
060107,CAJAMARCA,CAJAMARCA,LLACANORA,8.08
061004,CAJAMARCA,SAN MARCOS,GREGORIO PITA,6.68
130401,LA LIBERTAD,CHEPEN,CHEPEN,18.14
220605,SAN MARTIN,MARISCAL CACERES,PAJARILLO,21.43
060111,CAJAMARCA,CAJAMARCA,NAMORA,6.73
061202,CAJAMARCA,SAN PABLO,SAN BERNARDINO,12.75
130306,LA LIBERTAD,BOLIVAR,UCUNCHA,13.24
061203,CAJAMARCA,SAN PABLO,SAN LUIS,16.74
220204,SAN MARTIN,BELLAVISTA,HUALLAGA,21.44
130704,LA LIBERTAD,PACASMAYO,PACASMAYO,18.03
060104,CAJAMARCA,CAJAMARCA,COSPAN,10.12
061005,CAJAMARCA,SAN MARCOS,ICHOCAN,11.93
060204,CAJAMARCA,CAJABAMBA,SITACOCHA,12.98
130703,LA LIBERTAD,PACASMAYO,JEQUETEPEQUE,18.18
130705,LA LIBERTAD,PACASMAYO,SAN JOSE,18.07
060504,CAJAMARCA,CONTUMAZA,GUZMANGO,9.13
061006,CAJAMARCA,SAN MARCOS,JOSE MANUEL QUIROZ,8.76
060506,CAJAMARCA,CONTUMAZA,SANTA CRUZ DE TOLED,11.02
060102,CAJAMARCA,CAJAMARCA,ASUNCION,12.43
250101,UCAYALI,CORONEL PORTILLO,CALLERIA,21.94
061001,CAJAMARCA,SAN MARCOS,PEDRO GALVEZ,9.46
060110,CAJAMARCA,CAJAMARCA,MATARA,8.98
060112,CAJAMARCA,CAJAMARCA,SAN JUAN,10.78
130702,LA LIBERTAD,PACASMAYO,GUADALUPE,18.19
060501,CAJAMARCA,CONTUMAZA,CONTUMAZA,11.08
020401,ANCASH,ASUNCION,CHACAS,3.84
130802,LA LIBERTAD,PATAZ,BULDIBUYO,5.48
131002,LA LIBERTAD,SANTIAGO DE CHUCO,ANGASMARCA,7.57
250105,UCAYALI,CORONEL PORTILLO,YARINACOCHA,22.15
130803,LA LIBERTAD,PATAZ,CHILLIA,9.97
021509,ANCASH,PALLASCA,PAMPAS,6.07
131004,LA LIBERTAD,SANTIAGO DE CHUCO,MOLLEBAMBA,7.33
130105,LA LIBERTAD,TRUJILLO,LA ESPERANZA,18.12
221001,SAN MARTIN,TOCACHE,TOCACHE,18.62
130502,LA LIBERTAD,JULCAN,CALAMARCA,7.12
130102,LA LIBERTAD,TRUJILLO,EL PORVENIR,17.69
130807,LA LIBERTAD,PATAZ,ONGON,9.13
130805,LA LIBERTAD,PATAZ,HUAYLILLAS,8.48
130111,LA LIBERTAD,TRUJILLO,VICTOR LARCO HERRERA,18.08
021503,ANCASH,PALLASCA,CONCHUCOS,5.08
131001,LA LIBERTAD,SANTIAGO DE CHUCO,SANTIAGO DE CHUCO,7.3
130101,LA LIBERTAD,TRUJILLO,TRUJILLO,18.59
131005,LA LIBERTAD,SANTIAGO DE CHUCO,MOLLEPATA,6.43
130103,LA LIBERTAD,TRUJILLO,FLORENCIA DE MORA,
061002,CAJAMARCA,SAN MARCOS,CHANCAY,11.38
060202,CAJAMARCA,CAJABAMBA,CACHACHI,9.01
100317,HUANUCO,DOS DE MAYO,RIPAN,4.9
100322,HUANUCO,DOS DE MAYO,SILLAPATA,5.94
020201,ANCASH,AIJA,AIJA,3.81
100321,HUANUCO,DOS DE MAYO,SHUNQUI,5.24
020508,ANCASH,BOLOGNESI,HUALLANCA,3.42
020202,ANCASH,AIJA,CORIS,9.6
101107,HUANUCO,YAROWILCA,PAMPAMARCA,6.09
021103,ANCASH,HUARMEY,CULEBRAS,16.91
021702,ANCASH,RECUAY,CATAC,2.94
060306,CAJAMARCA,CELENDIN,JOSE GALVEZ,8.83
060101,CAJAMARCA,CAJAMARCA,CAJAMARCA,5.73
140103,LAMBAYEQUE,CHICLAYO,ETEN,18.33
220701,SAN MARTIN,PICOTA,PICOTA,21.85
061108,CAJAMARCA,SAN MIGUEL,NANCHOC,17.68
220201,SAN MARTIN,BELLAVISTA,BELLAVISTA,21.46
060309,CAJAMARCA,CELENDIN,SOROCHUCO,6.38
010106,AMAZONAS,CHACHAPOYAS,CHUQUIBAMBA,11.24
020601,ANCASH,CARHUAZ,CARHUAZ,5.85
020603,ANCASH,CARHUAZ,AMASHCA,8.92
022007,ANCASH,YUNGAY,SHUPLUY,4.42
021807,ANCASH,SANTA,SAMANCO,17.5
021013,ANCASH,HUARI,RAPAYAN,5.71
021001,ANCASH,HUARI,HUARI,4.24
021004,ANCASH,HUARI,CHAVIN DE HUANTAR,3.24
100504,HUANUCO,HUAMALIES,JACAS GRANDE,5.08
021014,ANCASH,HUARI,SAN MARCOS,5.07
020101,ANCASH,HUARAZ,HUARAZ,4.05
100509,HUANUCO,HUAMALIES,PUÑOS,4.96
250401,UCAYALI,PURUS,PURUS,21.86
130302,LA LIBERTAD,BOLIVAR,BAMBAMARCA,14.52
061003,CAJAMARCA,SAN MARCOS,EDUARDO VILLANUEVA,11.09
021705,ANCASH,RECUAY,LLACLLIN,10.14
101001,HUANUCO,LAURICOCHA,JESUS,2.98
100208,HUANUCO,AMBO,TOMAY KICHWA,11.74
101002,HUANUCO,LAURICOCHA,BAÑOS,3.21
130305,LA LIBERTAD,BOLIVAR,UCHUMARCA,8.58
220404,SAN MARTIN,HUALLAGA,PISCOYACU,20.4
061102,CAJAMARCA,SAN MIGUEL,BOLIVAR,15.79
160602,LORETO,UCAYALI,INAHUAYA,21.96
220706,SAN MARTIN,PICOTA,SAN CRISTOBAL,
061101,CAJAMARCA,SAN MIGUEL,SAN MIGUEL,11.87
060310,CAJAMARCA,CELENDIN,SUCRE,6.98
150301,LIMA,CAJATAMBO,CAJATAMBO,5.49
020502,ANCASH,BOLOGNESI,ABELARDO PARDO LEZAMETA,8.63
190204,PASCO,DANIEL ALCIDES CARRION,PAUCAR,5.9
150302,LIMA,CAJATAMBO,COPA,3.63
021406,ANCASH,OCROS,CONGAS,6.65
020512,ANCASH,BOLOGNESI,MANGAS,8.76
021401,ANCASH,OCROS,OCROS,5.3
020511,ANCASH,BOLOGNESI,LA PRIMAVERA,9.69
021403,ANCASH,OCROS,CAJAMARQUILLA,1.53
020514,ANCASH,BOLOGNESI,SAN MIGUEL DE CORPANQUI,3.24
100206,HUANUCO,AMBO,SAN FRANCISCO,8.02
100207,HUANUCO,AMBO,SAN RAFAEL,6.91
020510,ANCASH,BOLOGNESI,HUAYLLACAYAN,6.07
020513,ANCASH,BOLOGNESI,PACLLON,5.05
020515,ANCASH,BOLOGNESI,TICLLOS,2.66
021903,ANCASH,SIHUAS,ALFONSO UGARTE,9.74
100702,HUANUCO,MARAÑON,CHOLON,10.98
021906,ANCASH,SIHUAS,HUAYLLABAMBA,6.66
250107,UCAYALI,CORONEL PORTILLO,MANANTAY,22.18
020904,ANCASH,CORONGO,CUSCA,4.97
021511,ANCASH,PALLASCA,TAUCA,10.76
130811,LA LIBERTAD,PATAZ,SANTIAGO DE CHALLAS,11.19
021501,ANCASH,PALLASCA,CABANA,6.77
021908,ANCASH,SIHUAS,RAGASH,4.34
021402,ANCASH,OCROS,ACAS,10.62
190103,PASCO,PASCO,HUARIACA,6.65
021410,ANCASH,OCROS,SANTIAGO DE CHILCAS,5.69
190205,PASCO,DANIEL ALCIDES CARRION,SAN PEDRO DE PILLAO,3.14
190106,PASCO,PASCO,PALLANCHACRA,4.99
190207,PASCO,DANIEL ALCIDES CARRION,TAPUC,5.78
021408,ANCASH,OCROS,SAN CRISTOBAL DE RAJAN,3.46
021407,ANCASH,OCROS,LLIPA,4.81
190206,PASCO,DANIEL ALCIDES CARRION,SANTA ANA DE TUSI,4.56
190202,PASCO,DANIEL ALCIDES CARRION,CHACAYAN,5.57
020506,ANCASH,BOLOGNESI,CANIS,2.96
021709,ANCASH,RECUAY,TAPACOCHA,6.0
021102,ANCASH,HUARMEY,COCHAPETI,12.45
170301,MADRE DE DIOS,TAHUAMANU,IÑAPARI,21.79
100803,HUANUCO,PACHITEA,MOLINO,7.53
101103,HUANUCO,YAROWILCA,CHACABAMBA,
101005,HUANUCO,LAURICOCHA,RONDOS,4.52
021703,ANCASH,RECUAY,COTAPARACO,3.47
021105,ANCASH,HUARMEY,MALVAS,7.24
100503,HUANUCO,HUAMALIES,CHAVIN DE PARIARCA,8.08
021209,ANCASH,HUAYLAS,SANTO TORIBIO,3.6
021302,ANCASH,MARISCAL LUZURIAGA,CASCA,6.55
100402,HUANUCO,HUACAYBAMBA,CANCHABAMBA,8.32
100703,HUANUCO,MARAÑON,SAN BUENAVENTURA,11.11
021304,ANCASH,MARISCAL LUZURIAGA,FIDEL OLIVAS ESCUDERO,8.25
021202,ANCASH,HUAYLAS,HUALLANCA,10.18
021601,ANCASH,POMABAMBA,POMABAMBA,4.8
131203,LA LIBERTAD,VIRU,GUADALUPITO,17.62
021210,ANCASH,HUAYLAS,YURACMARCA,5.34
021801,ANCASH,SANTA,CHIMBOTE,17.13
021804,ANCASH,SANTA,MACATE,12.33
021604,ANCASH,POMABAMBA,QUINUABAMBA,8.52
020905,ANCASH,CORONGO,LA PAMPA,11.97
020906,ANCASH,CORONGO,YANAC,11.15
021909,ANCASH,SIHUAS,SAN JUAN,6.7
130503,LA LIBERTAD,JULCAN,CARABAMBA,7.9
130108,LA LIBERTAD,TRUJILLO,POROTO,16.93
131003,LA LIBERTAD,SANTIAGO DE CHUCO,CACHICADAN,6.01
131006,LA LIBERTAD,SANTIAGO DE CHUCO,QUIRUVILCA,4.93
130808,LA LIBERTAD,PATAZ,PARCOY,10.37
130610,LA LIBERTAD,OTUZCO,PARANDAY,9.02
130602,LA LIBERTAD,OTUZCO,AGALLPAMPA,7.62
130606,LA LIBERTAD,OTUZCO,LA CUESTA,9.48
130907,LA LIBERTAD,SANCHEZ CARRION,SARIN,6.32
130904,LA LIBERTAD,SANCHEZ CARRION,CURGOS,7.36
130810,LA LIBERTAD,PATAZ,PIAS,9.59
130604,LA LIBERTAD,OTUZCO,CHARAT,12.43
130601,LA LIBERTAD,OTUZCO,OTUZCO,10.11
130901,LA LIBERTAD,SANCHEZ CARRION,HUAMACHUCO,7.9
130903,LA LIBERTAD,SANCHEZ CARRION,COCHORCO,10.29
221003,SAN MARTIN,TOCACHE,POLVORA,16.61
130614,LA LIBERTAD,OTUZCO,USQUIL,9.99
130906,LA LIBERTAD,SANCHEZ CARRION,SANAGORAN,8.48
130902,LA LIBERTAD,SANCHEZ CARRION,CHUGAY,8.77
130605,LA LIBERTAD,OTUZCO,HUARANCHAL,10.92
130809,LA LIBERTAD,PATAZ,PATAZ,12.68
220709,SAN MARTIN,PICOTA,TINGO DE PONASA,21.4
061111,CAJAMARCA,SAN MIGUEL,SAN SILVESTRE DE COCHAN,6.17
220703,SAN MARTIN,PICOTA,CASPISAPA,21.68
140109,LAMBAYEQUE,CHICLAYO,NUEVA ARICA,18.58
220707,SAN MARTIN,PICOTA,SAN HILARION,21.92
061109,CAJAMARCA,SAN MIGUEL,NIEPOS,13.1
061204,CAJAMARCA,SAN PABLO,TUMBADEN,6.27
140114,LAMBAYEQUE,CHICLAYO,SANTA ROSA,
061103,CAJAMARCA,SAN MIGUEL,CALQUIS,8.24
140116,LAMBAYEQUE,CHICLAYO,CAYALTI,18.1
060311,CAJAMARCA,CELENDIN,UTCO,11.75
061106,CAJAMARCA,SAN MIGUEL,LA FLORIDA,17.38
140108,LAMBAYEQUE,CHICLAYO,MONSEFU,18.31
140113,LAMBAYEQUE,CHICLAYO,REQUE,18.52
061107,CAJAMARCA,SAN MIGUEL,LLAPA,5.82
060105,CAJAMARCA,CAJAMARCA,ENCAÑADA,5.85
160604,LORETO,UCAYALI,PAMPA HERMOSA,20.55
140106,LAMBAYEQUE,CHICLAYO,LA VICTORIA,18.47
140115,LAMBAYEQUE,CHICLAYO,SAÑA,18.32
220705,SAN MARTIN,PICOTA,PUCACACA,21.52
140119,LAMBAYEQUE,CHICLAYO,PUCALA,18.05
140101,LAMBAYEQUE,CHICLAYO,CHICLAYO,18.73
061104,CAJAMARCA,SAN MIGUEL,CATILLUC,6.5
140118,LAMBAYEQUE,CHICLAYO,POMALCA,18.49
140311,LAMBAYEQUE,LAMBAYEQUE,SAN JOSE,18.2
101006,HUANUCO,LAURICOCHA,SAN FRANCISCO DE ASIS,6.18
100107,HUANUCO,HUANUCO,SAN FRANCISCO DE CAYRAN,9.14
010601,AMAZONAS,RODRIGUEZ DE MENDOZA,SAN NICOLAS,13.17
060402,CAJAMARCA,CHOTA,ANGUIA,12.17
010606,AMAZONAS,RODRIGUEZ DE MENDOZA,LONGAR,11.58
010111,AMAZONAS,CHACHAPOYAS,LEVANTO,10.65
060406,CAJAMARCA,CHOTA,CHOROPAMPA,14.01
220505,SAN MARTIN,LAMAS,CUÑUMBUQUI,20.23
140102,LAMBAYEQUE,CHICLAYO,CHONGOYAPE,18.74
060413,CAJAMARCA,CHOTA,PACCHA,10.15
060302,CAJAMARCA,CELENDIN,CHUMUCH,11.68
010602,AMAZONAS,RODRIGUEZ DE MENDOZA,CHIRIMOTO,14.0
060410,CAJAMARCA,CHOTA,LAJAS,10.9
140312,LAMBAYEQUE,LAMBAYEQUE,TUCUME,18.25
010611,AMAZONAS,RODRIGUEZ DE MENDOZA,TOTORA,14.07
220305,SAN MARTIN,EL DORADO,SHATOJA,21.14
220302,SAN MARTIN,EL DORADO,AGUA BLANCA,20.72
140117,LAMBAYEQUE,CHICLAYO,PATAPO,18.21
060702,CAJAMARCA,HUALGAYOC,CHUGUR,8.52
060312,CAJAMARCA,CELENDIN,LA LIBERTAD DE PALLAN,9.09
061303,CAJAMARCA,SANTA CRUZ,CATACHE,13.15
010509,AMAZONAS,LUYA,LUYA,10.32
220906,SAN MARTIN,SAN MARTIN,EL PORVENIR,22.07
220808,SAN MARTIN,RIOJA,YORONGOS,18.12
220503,SAN MARTIN,LAMAS,BARRANQUITA,21.72
060414,CAJAMARCA,CHOTA,PION,16.69
010502,AMAZONAS,LUYA,CAMPORREDONDO,15.54
140203,LAMBAYEQUE,FERREÑAFE,INCAHUASI,10.41
060604,CAJAMARCA,CUTERVO,CUJILLO,17.65
010608,AMAZONAS,RODRIGUEZ DE MENDOZA,MILPUC,14.79
220904,SAN MARTIN,SAN MARTIN,CHAZUTA,20.66
060401,CAJAMARCA,CHOTA,CHOTA,9.69
010306,AMAZONAS,BONGARA,FLORIDA,12.77
160211,LORETO,ALTO AMAZONAS,TENIENTE CESAR LOPEZ ROJAS,22.27
060807,CAJAMARCA,JAEN,POMAHUACA,13.03
060804,CAJAMARCA,JAEN,COLASAY,14.71
060810,CAJAMARCA,JAEN,SAN FELIPE,13.57
220802,SAN MARTIN,RIOJA,AWAJUN,15.83
010701,AMAZONAS,UTCUBAMBA,BAGUA GRANDE,17.54
060801,CAJAMARCA,JAEN,JAEN,15.18
160201,LORETO,ALTO AMAZONAS,YURIMAGUAS,22.39
010204,AMAZONAS,BAGUA,EL PARCO,
060806,CAJAMARCA,JAEN,LAS PIRIAS,16.78
160509,LORETO,REQUENA,TAPICHE,22.46
160508,LORETO,REQUENA,SOPLIN,22.29
010203,AMAZONAS,BAGUA,COPALLIN,18.44
060805,CAJAMARCA,JAEN,HUABAL,15.58
220103,SAN MARTIN,MOYOBAMBA,HABANA,18.97
220502,SAN MARTIN,LAMAS,ALONSO DE ALVARADO,17.55
060608,CAJAMARCA,CUTERVO,SAN ANDRES DE CUTERVO,11.21
010523,AMAZONAS,LUYA,TRITA,
140304,LAMBAYEQUE,LAMBAYEQUE,JAYANCA,18.34
010512,AMAZONAS,LUYA,OCALLI,12.94
010114,AMAZONAS,CHACHAPOYAS,MOLINOPAMPA,10.09
140302,LAMBAYEQUE,LAMBAYEQUE,CHOCHOPE,17.73
010121,AMAZONAS,CHACHAPOYAS,SONCHE,12.61
220105,SAN MARTIN,MOYOBAMBA,SORITOR,16.88
060609,CAJAMARCA,CUTERVO,SAN JUAN DE CUTERVO,16.82
160504,LORETO,REQUENA,EMILIO SAN MARTIN,22.4
160210,LORETO,ALTO AMAZONAS,SANTA CRUZ,22.41
220805,SAN MARTIN,RIOJA,PARDO MIGUEL,14.27
010202,AMAZONAS,BAGUA,ARAMANGO,18.31
160503,LORETO,REQUENA,CAPELO,22.59
010312,AMAZONAS,BONGARA,YAMBRASBAMBA,15.74
160506,LORETO,REQUENA,PUINAHUA,22.5
060417,CAJAMARCA,CHOTA,TACABAMBA,10.57
060409,CAJAMARCA,CHOTA,HUAMBOS,11.9
220907,SAN MARTIN,SAN MARTIN,HUIMBAYOC,21.11
220402,SAN MARTIN,HUALLAGA,ALTO SAPOSOA,16.91
010522,AMAZONAS,LUYA,TINGO,10.36
010609,AMAZONAS,RODRIGUEZ DE MENDOZA,OMIA,13.33
220905,SAN MARTIN,SAN MARTIN,CHIPURANA,22.05
220501,SAN MARTIN,LAMAS,LAMAS,20.4
010119,AMAZONAS,CHACHAPOYAS,SAN ISIDRO DE MAINO,10.26
010307,AMAZONAS,BONGARA,JAZAN,14.38
060615,CAJAMARCA,CUTERVO,TORIBIO CASANOVA,18.23
010308,AMAZONAS,BONGARA,RECTA,
220809,SAN MARTIN,RIOJA,YURACYACU,19.46
160605,LORETO,UCAYALI,SARAYACU,22.28
010305,AMAZONAS,BONGARA,CUISPES,14.45
010310,AMAZONAS,BONGARA,SHIPASBAMBA,13.54
010302,AMAZONAS,BONGARA,CHISQUILLA,11.91
010301,AMAZONAS,BONGARA,JUMBILLA,11.19
220804,SAN MARTIN,RIOJA,NUEVA CAJAMARCA,15.71
060603,CAJAMARCA,CUTERVO,CHOROS,18.14
060301,CAJAMARCA,CELENDIN,CELENDIN,13.5
140206,LAMBAYEQUE,FERREÑAFE,PUEBLO NUEVO,18.26
010513,AMAZONAS,LUYA,OCUMAL,13.66
010120,AMAZONAS,CHACHAPOYAS,SOLOCO,9.82
061301,CAJAMARCA,SANTA CRUZ,SANTA CRUZ,12.97
010115,AMAZONAS,CHACHAPOYAS,MONTEVIDEO,9.56
061310,CAJAMARCA,SANTA CRUZ,UTICYACU,12.59
061305,CAJAMARCA,SANTA CRUZ,LA ESPERANZA,12.48
140201,LAMBAYEQUE,FERREÑAFE,FERREÑAFE,18.16
060307,CAJAMARCA,CELENDIN,MIGUEL IGLESIAS,8.92
060701,CAJAMARCA,HUALGAYOC,BAMBAMARCA,9.03
140204,LAMBAYEQUE,FERREÑAFE,MANUEL ANTONIO MESONES MURO,18.51
220908,SAN MARTIN,SAN MARTIN,JUAN GUERRA,21.14
010113,AMAZONAS,CHACHAPOYAS,MARISCAL CASTILLA,10.4
220604,SAN MARTIN,MARISCAL CACERES,PACHIZA,18.31
220301,SAN MARTIN,EL DORADO,SAN JOSE DE SISA,20.17
140305,LAMBAYEQUE,LAMBAYEQUE,MOCHUMI,18.24
010503,AMAZONAS,LUYA,COCABAMBA,14.33
010521,AMAZONAS,LUYA,SANTO TOMAS,8.15
061309,CAJAMARCA,SANTA CRUZ,SEXI,12.65
061304,CAJAMARCA,SANTA CRUZ,CHANCAYBAÑOS,13.07
060408,CAJAMARCA,CHOTA,CONCHAN,10.27
140303,LAMBAYEQUE,LAMBAYEQUE,ILLIMO,18.2
220511,SAN MARTIN,LAMAS,ZAPATERO,19.68
060419,CAJAMARCA,CHOTA,CHALAMARCA,9.01
220910,SAN MARTIN,SAN MARTIN,MORALES,21.7
010610,AMAZONAS,RODRIGUEZ DE MENDOZA,SANTA ROSA,
160112,LORETO,MAYNAS,BELEN,22.58
240106,TUMBES,TUMBES,SAN JUAN DE LA VIRGEN,21.46
240102,TUMBES,TUMBES,CORRALES,22.3
240304,TUMBES,ZARUMILLA,PAPAYAL,22.0
240101,TUMBES,TUMBES,TUMBES,21.88
240302,TUMBES,ZARUMILLA,AGUAS VERDES,22.69
160104,LORETO,MAYNAS,INDIANA,22.76
240301,TUMBES,ZARUMILLA,ZARUMILLA,22.65
160108,LORETO,MAYNAS,PUNCHANA,22.72
220807,SAN MARTIN,RIOJA,SAN FERNANDO,19.18
010702,AMAZONAS,UTCUBAMBA,CAJARURO,15.12
240203,TUMBES,CONTRALMIRANTE VILLAR,CANOAS DE PUNTA SAL,21.54
160301,LORETO,LORETO,NAUTA,22.71
240202,TUMBES,CONTRALMIRANTE VILLAR,CASITAS,20.81
160103,LORETO,MAYNAS,FERNANDO LORES,22.7
160404,LORETO,MARISCAL RAMON CASTILLA,SAN PABLO,22.93
160401,LORETO,MARISCAL RAMON CASTILLA,RAMON CASTILLA,22.97
160705,LORETO,DATEM DEL MARAÑON,PASTAZA,22.92
160105,LORETO,MAYNAS,LAS AMAZONAS,22.81
160402,LORETO,MARISCAL RAMON CASTILLA,PEBAS,22.88
160704,LORETO,DATEM DEL MARAÑON,MORONA,23.01
060902,CAJAMARCA,SAN IGNACIO,CHIRINOS,17.36
060907,CAJAMARCA,SAN IGNACIO,TABACONAS,11.94
060901,CAJAMARCA,SAN IGNACIO,SAN IGNACIO,17.5
060905,CAJAMARCA,SAN IGNACIO,NAMBALLE,13.71
060906,CAJAMARCA,SAN IGNACIO,SAN JOSE DE LOURDES,16.23
060903,CAJAMARCA,SAN IGNACIO,HUARANGO,17.49
010205,AMAZONAS,BAGUA,IMAZA,19.34
010402,AMAZONAS,CONDORCANQUI,EL CENEPA,19.83
010403,AMAZONAS,CONDORCANQUI,RIO SANTIAGO,21.69
200407,PIURA,MORROPON,SAN JUAN DE BIGOTE,19.49
200402,PIURA,MORROPON,BUENOS AIRES,19.46
200302,PIURA,HUANCABAMBA,CANCHAQUE,16.33
200404,PIURA,MORROPON,LA MATANZA,19.34
200105,PIURA,PIURA,CATACAOS,19.33
200115,PIURA,PIURA,VEINTISEIS DE OCTUBRE,19.85
200305,PIURA,HUANCABAMBA,LALAQUIZ,16.04
200408,PIURA,MORROPON,SANTA CATALINA DE MOSSA,17.6
200410,PIURA,MORROPON,YAMANGO,15.48
200405,PIURA,MORROPON,MORROPON,19.3
200301,PIURA,HUANCABAMBA,HUANCABAMBA,11.08
200403,PIURA,MORROPON,CHALACO,13.6
200101,PIURA,PIURA,PIURA,20.05
200104,PIURA,PIURA,CASTILLA,19.96
200409,PIURA,MORROPON,SANTO DOMINGO,14.8
200401,PIURA,MORROPON,CHULUCANAS,19.49
200606,PIURA,SULLANA,MIGUEL CHECA,19.99
200503,PIURA,PAITA,ARENAL,
200505,PIURA,PAITA,LA HUACA,19.83
200602,PIURA,SULLANA,BELLAVISTA,
200504,PIURA,PAITA,COLAN,19.78
200303,PIURA,HUANCABAMBA,EL CARMEN DE LA FRONTERA,10.69
200608,PIURA,SULLANA,SALITRAL,
200507,PIURA,PAITA,VICHAYAL,19.93
200202,PIURA,AYABACA,FRIAS,14.92
200502,PIURA,PAITA,AMOTAPE,19.93
200506,PIURA,PAITA,TAMARINDO,20.05
200206,PIURA,AYABACA,PACAIPAMPA,13.74
200603,PIURA,SULLANA,IGNACIO ESCUDERO,20.08
200208,PIURA,AYABACA,SAPILLICA,16.4
200204,PIURA,AYABACA,LAGUNAS,14.31
200114,PIURA,PIURA,TAMBO GRANDE,20.08
200601,PIURA,SULLANA,SULLANA,20.2
200607,PIURA,SULLANA,QUERECOTILLO,20.08
200703,PIURA,TALARA,LA BREA,19.8
200111,PIURA,PIURA,LAS LOMAS,19.92
200205,PIURA,AYABACA,MONTERO,17.31
200207,PIURA,AYABACA,PAIMAS,18.92
200209,PIURA,AYABACA,SICCHEZ,17.23
200203,PIURA,AYABACA,JILILI,18.03
200201,PIURA,AYABACA,AYABACA,14.92
200701,PIURA,TALARA,PARIÑAS,20.14
200704,PIURA,TALARA,LOBITOS,20.48
200210,PIURA,AYABACA,SUYO,20.0
200702,PIURA,TALARA,EL ALTO,20.37
200605,PIURA,SULLANA,MARCAVELICA,19.91
200705,PIURA,TALARA,LOS ORGANOS,20.96
200706,PIURA,TALARA,MANCORA,21.27
200604,PIURA,SULLANA,LANCONES,19.93
140308,LAMBAYEQUE,LAMBAYEQUE,OLMOS,18.9
200501,PIURA,PAITA,PAITA,19.45
200801,PIURA,SECHURA,SECHURA,19.29
090607,HUANCAVELICA,HUAYTARA,PILPICHACA,0.51
090311,HUANCAVELICA,ANGARAES,SANTO TOMAS DE PATA,3.56
090310,HUANCAVELICA,ANGARAES,SAN ANTONIO DE ANTAPARCO,5.72
090309,HUANCAVELICA,ANGARAES,JULCAMARCA,7.15
090301,HUANCAVELICA,ANGARAES,LIRCAY,1.55
090305,HUANCAVELICA,ANGARAES,CHINCHO,10.73
050617,AYACUCHO,LUCANAS,SAN PEDRO,10.18
050708,AYACUCHO,PARINACOCHAS,UPAHUACHO,3.27
050621,AYACUCHO,LUCANAS,SANTA LUCIA,9.87
050615,AYACUCHO,LUCANAS,SAN CRISTOBAL,5.95
050703,AYACUCHO,PARINACOCHAS,CORONEL CASTAÑEDA,1.48
051011,AYACUCHO,VICTOR FAJARDO,SARHUA,3.39
051101,AYACUCHO,VILCAS HUAMAN,VILCAS HUAMAN,5.0
051012,AYACUCHO,VICTOR FAJARDO,VILCANCHOS,2.89
050619,AYACUCHO,LUCANAS,SANCOS,9.4
050806,AYACUCHO,PAUCAR DEL SARA SARA,OYOLO,0.93
050614,AYACUCHO,LUCANAS,SAISA,8.71
050605,AYACUCHO,LUCANAS,CHAVIÑA,5.83
050616,AYACUCHO,LUCANAS,SAN JUAN,6.13
051008,AYACUCHO,VICTOR FAJARDO,HUAMANQUIQUIA,5.8
051002,AYACUCHO,VICTOR FAJARDO,ALCAMENCA,7.48
050803,AYACUCHO,PAUCAR DEL SARA SARA,CORCULLA,8.12
050810,AYACUCHO,PAUCAR DEL SARA SARA,SARA SARA,5.77
050801,AYACUCHO,PAUCAR DEL SARA SARA,PAUSA,6.65
050809,AYACUCHO,PAUCAR DEL SARA SARA,SAN JOSE DE USHUA,8.52
050807,AYACUCHO,PAUCAR DEL SARA SARA,PARARCA,4.97
050705,AYACUCHO,PARINACOCHAS,PULLO,8.8
050706,AYACUCHO,PARINACOCHAS,PUYUSCA,5.22
050804,AYACUCHO,PAUCAR DEL SARA SARA,LAMPA,4.07
050805,AYACUCHO,PAUCAR DEL SARA SARA,MARCABAMBA,2.5
050802,AYACUCHO,PAUCAR DEL SARA SARA,COLTA,3.51
050702,AYACUCHO,PARINACOCHAS,CHUMPI,6.35
050808,AYACUCHO,PAUCAR DEL SARA SARA,SAN JAVIER DE ALPABAMBA,6.11
050701,AYACUCHO,PARINACOCHAS,CORACORA,2.93
050609,AYACUCHO,LUCANAS,LEONCIO PRADO,7.82
050606,AYACUCHO,LUCANAS,CHIPAO,2.81
050611,AYACUCHO,LUCANAS,LUCANAS,4.22
050603,AYACUCHO,LUCANAS,CABANA,3.41
050612,AYACUCHO,LUCANAS,OCAÑA,9.84
050613,AYACUCHO,LUCANAS,OTOCA,8.31
050604,AYACUCHO,LUCANAS,CARMEN SALCEDO,3.44
050707,AYACUCHO,PARINACOCHAS,SAN FRANCISCO DE RAVACAYCO,4.25
050911,AYACUCHO,SUCRE,SORAS,3.27
050607,AYACUCHO,LUCANAS,HUAC-HUAS,10.9
050608,AYACUCHO,LUCANAS,LARAMATE,5.72
050610,AYACUCHO,LUCANAS,LLAUTA,9.09
050910,AYACUCHO,SUCRE,SANTIAGO DE PAUCARAY,3.58
051004,AYACUCHO,VICTOR FAJARDO,ASQUIPATA,5.39
050602,AYACUCHO,LUCANAS,AUCARA,3.68
050906,AYACUCHO,SUCRE,MORCOLLA,5.29
051003,AYACUCHO,VICTOR FAJARDO,APONGO,4.06
050704,AYACUCHO,PARINACOCHAS,PACAPAUSA,3.92
050601,AYACUCHO,LUCANAS,PUQUIO,4.48
050620,AYACUCHO,LUCANAS,SANTA ANA DE HUAYCAHUACHO,6.97
051102,AYACUCHO,VILCAS HUAMAN,ACCOMARCA,7.49
050902,AYACUCHO,SUCRE,BELEN,8.78
051006,AYACUCHO,VICTOR FAJARDO,CAYARA,7.08
051009,AYACUCHO,VICTOR FAJARDO,HUANCARAYLLA,4.22
051007,AYACUCHO,VICTOR FAJARDO,COLCA,9.02
051107,AYACUCHO,VILCAS HUAMAN,SAURAMA,8.42
051001,AYACUCHO,VICTOR FAJARDO,HUANCAPI,4.71
050206,AYACUCHO,CANGALLO,TOTOS,3.34
050204,AYACUCHO,CANGALLO,MARIA PARADO DE BELLIDO,4.27
050405,AYACUCHO,HUANTA,LURICOCHA,11.15
050410,AYACUCHO,HUANTA,UCHURACCAY,3.86
050507,AYACUCHO,LA MAR,SANTA ROSA,11.94
050503,AYACUCHO,LA MAR,AYNA,11.17
050201,AYACUCHO,CANGALLO,CANGALLO,7.01
051104,AYACUCHO,VILCAS HUAMAN,CONCEPCION,5.82
051108,AYACUCHO,VILCAS HUAMAN,VISCHONGO,4.59
050203,AYACUCHO,CANGALLO,LOS MOROCHUCOS,4.03
050202,AYACUCHO,CANGALLO,CHUSCHI,2.82
050205,AYACUCHO,CANGALLO,PARAS,1.51
050106,AYACUCHO,HUAMANGA,OCROS,6.04
050105,AYACUCHO,HUAMANGA,CHIARA,3.97
050506,AYACUCHO,LA MAR,LUIS CARRANZA,4.29
050104,AYACUCHO,HUAMANGA,CARMEN ALTO,
050110,AYACUCHO,HUAMANGA,SAN JUAN BAUTISTA,9.24
050102,AYACUCHO,HUAMANGA,ACOCRO,4.84
050114,AYACUCHO,HUAMANGA,VINCHOS,2.84
050116,AYACUCHO,HUAMANGA,ANDRES AVELINO CACERES DORREGARAY,
050112,AYACUCHO,HUAMANGA,SOCOS,4.69
050113,AYACUCHO,HUAMANGA,TAMBILLO,8.63
050115,AYACUCHO,HUAMANGA,JESUS NAZARENO,9.57
050101,AYACUCHO,HUAMANGA,AYACUCHO,10.02
050109,AYACUCHO,HUAMANGA,SAN JOSE DE TICLLAS,8.29
050103,AYACUCHO,HUAMANGA,ACOS VINCHOS,6.47
050111,AYACUCHO,HUAMANGA,SANTIAGO DE PISCHA,9.24
050107,AYACUCHO,HUAMANGA,PACAYCASA,10.46
050108,AYACUCHO,HUAMANGA,QUINUA,6.4
040302,AREQUIPA,CARAVELI,ACARI,13.43
040305,AREQUIPA,CARAVELI,BELLA UNION,14.54
070107,CALLAO,CALLAO,MI PERU,
160804,LORETO,PUTUMAYO,YAGUAS,23.01
160802,LORETO,PUTUMAYO,ROSA PANDURO,22.55
050401,AYACUCHO,HUANTA,HUANTA,6.09
080911,CUSCO,LA CONVENCION,INKAWASI,9.49
090720,HUANCAVELICA,TAYACAJA,ANDAYMARCA,9.98
090719,HUANCAVELICA,TAYACAJA,QUICHUAS,4.94
080912,CUSCO,LA CONVENCION,VILLA VIRGEN,10.72
030220,APURIMAC,ANDAHUAYLAS,JOSE MARIA ARGUEDAS,3.58
050411,AYACUCHO,HUANTA,PUCACOLPA,8.29
090718,HUANCAVELICA,TAYACAJA,TINTAY PUNCU,8.98
050402,AYACUCHO,HUANTA,AYAHUANCO,7.83
120609,JUNIN,SATIPO,VIZCATAN DEL ENE,15.97
080913,CUSCO,LA CONVENCION,VILLA KINTIARINA,15.65
230111,TACNA,TACNA,LA YARADA LOS PALOS,16.0
100704,HUANUCO,MARAÑON,LA MORADA,16.6
100705,HUANUCO,MARAÑON,SANTA ROSA DE ALTO YANAJANCA,12.79
100113,HUANUCO,HUANUCO,SAN PABLO DE PILLAO,12.27
050412,AYACUCHO,HUANTA,CHACA,3.72
090721,HUANCAVELICA,TAYACAJA,ROBLE,8.23
090722,HUANCAVELICA,TAYACAJA,PICHOS,3.49
030609,APURIMAC,CHINCHEROS,ROCCHACC,8.24
030610,APURIMAC,CHINCHEROS,EL PORVENIR,11.38
090723,HUANCAVELICA,TAYACAJA,SANTIAGO DE TUCUMA,3.91
050505,AYACUCHO,LA MAR,CHUNGUI,8.82
030611,APURIMAC,CHINCHEROS,LOS CHANKAS,11.17
080902,CUSCO,LA CONVENCION,ECHARATE,14.62
100604,HUANUCO,LEONCIO PRADO,JOSE CRESPO Y CASTILLO,17.12
100603,HUANUCO,LEONCIO PRADO,HERMILIO VALDIZAN,17.97
100602,HUANUCO,LEONCIO PRADO,DANIEL ALOMIA ROBLES,17.27
100601,HUANUCO,LEONCIO PRADO,RUPA-RUPA,18.9
100606,HUANUCO,LEONCIO PRADO,MARIANO DAMASO BERAUN,16.79
100605,HUANUCO,LEONCIO PRADO,LUYANDO,19.29
100607,HUANUCO,LEONCIO PRADO,PUCAYACU,17.55
100608,HUANUCO,LEONCIO PRADO,CASTILLO GRANDE,19.09
100609,HUANUCO,LEONCIO PRADO,PUEBLO NUEVO,18.45
100610,HUANUCO,LEONCIO PRADO,SANTO DOMINGO DE ANDA,18.08
211105,PUNO,SAN ROMAN,SAN MIGUEL,0.76
150806,LIMA,HUAURA,HUAURA,16.74
